"Objekt-ID";"Kunde";"Kundentyp";"Objekttyp";"Strasse";"PLZ";"Ort";"Kanton";"Lat";"Lon";"Geo-Genauigkeit";"Wohnungen/Einheiten";"Stockwerke";"Flaeche innen (m2)";"Gartenflaeche (m2)";"Ausstattung";"Hauswartungs-Leistungen";"Frequenz";"Einsatzzeit/Turnus (min)";"Zugewiesenes Team";"Ansprechpartner";"Vertrag-Nr";"Vertragsbeginn";"Laufzeit";"Kuendigungsfrist";"Betrag CHF/Monat";"Aufwand Min/Monat (total)";"Aufwand Std/Monat (total)";"Gebiet"
"WSG-HB";"Will Secure Global GmbH (Eigenobjekt)";"Homebase / Werkhof";"Materiallager / Magazin & Fahrzeugstandort";"Steinackerstrasse 8";"8302";"Kloten";"ZH";"47.4496681";"8.5944671";"Adresse";"0";"1";"480";"0";"Materiallager, Magazin, Einstellhalle Fahrzeugflotte, Werkstatt, Bueroraum, Aussenlager";"STARTPUNKT Touren / Materialbezug / Fahrzeugdepot (kein Reinigungsauftrag)";"-";"0";"Alle Teams";"Betriebsleitung";"-";"-";"-";"-";"0";"0";"0";"Homebase"
"WSG-001";"Immo Zuerichsee AG";"Verwaltung";"Mehrfamilienhaus";"Mellingerstrasse 23";"5405";"Baden";"AG";"47.4635352";"8.2891781";"Strasse";"7";"4";"1123";"438";"Treppenhaus, Lift, Aussenanlage/Garten, Zugangswege/Vorplatz, Waschkueche, Entsorgungsplatz";"Treppenhausreinigung, Unterhaltsreinigung, Gartenpflege/Gruenunterhalt, Umgebungsunterhalt (Wege/Vorplatz), Winterdienst, Entsorgung/Kehrichtdienst, Technischer Hauswart (Kontrollgang/Kleinreparaturen)";"woechentlich";"139";"Springer-Team (R. Iseni)";"Frau Keller";"V-1001";"12.02.2025";"2 Jahre";"2 Monate";"727";"618";"10.3";"H13"
"WSG-002";"Immo Zuerichsee AG";"Verwaltung";"Mehrfamilienhaus";"Mellingerstrasse 55";"5400";"Baden";"AG";"47.4687457";"8.2989849";"Adresse";"13";"3";"745";"699";"Treppenhaus, Tiefgarage, Aussenanlage/Garten, Zugangswege/Vorplatz, Waschkueche, Entsorgungsplatz";"Treppenhausreinigung, Unterhaltsreinigung, Gartenpflege/Gruenunterhalt, Umgebungsunterhalt (Wege/Vorplatz), Winterdienst, Entsorgung/Kehrichtdienst, Tiefgaragenreinigung, Technischer Hauswart (Kontrollgang/Kleinreparaturen)";"woechentlich";"148";"Team Oberland (D. Meier)";"Frau Keller";"V-1002";"15.02.2023";"2 Jahre";"2 Monate";"841";"716";"11.9";"H13"
"WSG-003";"Immo Zuerichsee AG";"Verwaltung";"Wohnueberbauung";"Stadtturmstrasse 21";"5401";"Baden";"AG";"47.4763617";"8.3051079";"Strasse";"46";"5";"4412";"3352";"Treppenhaus, Lift, Tiefgarage, Aussenanlage/Garten, Zugangswege/Vorplatz, Waschkueche, Entsorgungsplatz";"Treppenhausreinigung, Unterhaltsreinigung, Gartenpflege/Gruenunterhalt, Umgebungsunterhalt (Wege/Vorplatz), Winterdienst, Entsorgung/Kehrichtdienst, Tiefgaragenreinigung, Technischer Hauswart (Kontrollgang/Kleinreparaturen)";"woechentlich";"477";"Team Oberland (D. Meier)";"Frau Keller";"V-1003";"12.01.2021";"unbefristet";"1 Monat";"2464";"2069";"34.5";"H13"
"WSG-004";"Immo Zuerichsee AG";"Verwaltung";"Mehrfamilienhaus";"Mellingerstrasse 14";"5442";"Fislisbach";"AG";"47.433202";"8.2889828";"Adresse";"9";"5";"878";"609";"Treppenhaus, Lift, Tiefgarage, Aussenanlage/Garten, Zugangswege/Vorplatz, Waschkueche, Entsorgungsplatz";"Treppenhausreinigung, Unterhaltsreinigung, Gartenpflege/Gruenunterhalt, Umgebungsunterhalt (Wege/Vorplatz), Winterdienst, Entsorgung/Kehrichtdienst, Tiefgaragenreinigung, Technischer Hauswart (Kontrollgang/Kleinreparaturen)";"woechentlich";"144";"Team Oberland (D. Meier)";"Frau Keller";"V-1004";"22.08.2023";"3 Jahre";"1 Monat";"815";"695";"11.6";"H13"
"WSG-005";"Immo Zuerichsee AG";"Verwaltung";"Buerogebaeude";"Bruggerstrasse 28";"5507";"Mellingen";"AG";"47.4193333";"8.2726926";"Adresse";"0";"6";"1573";"73";"Treppenhaus, Lift, Tiefgarage, Aussenanlage/Garten, Zugangswege/Vorplatz, Sanitaeranlagen";"Treppenhausreinigung, Unterhaltsreinigung, Gartenpflege/Gruenunterhalt, Umgebungsunterhalt (Wege/Vorplatz), Winterdienst, Tiefgaragenreinigung, Sanitaerreinigung, Technischer Hauswart (Kontrollgang/Kleinreparaturen)";"taeglich";"145";"Team See (T. Frei)";"Frau Keller";"V-1005";"31.12.2024";"unbefristet";"1 Monat";"3458";"2960";"49.3";"H12"
"WSG-006";"Immo Zuerichsee AG";"Verwaltung";"Mehrfamilienhaus";"Klosterstrasse 38";"4530";"Wettingen";"AG";"47.4553985";"8.3141973";"Strasse";"11";"4";"607";"224";"Treppenhaus, Lift, Tiefgarage, Aussenanlage/Garten, Zugangswege/Vorplatz, Waschkueche, Entsorgungsplatz";"Treppenhausreinigung, Unterhaltsreinigung, Gartenpflege/Gruenunterhalt, Umgebungsunterhalt (Wege/Vorplatz), Winterdienst, Entsorgung/Kehrichtdienst, Tiefgaragenreinigung, Technischer Hauswart (Kontrollgang/Kleinreparaturen)";"woechentlich";"123";"Team Sued (P. Rrahmani)";"Frau Keller";"V-1006";"12.05.2023";"unbefristet";"3 Monate";"799";"683";"11.4";"H13"
"WSG-007";"Immo Zuerichsee AG";"Verwaltung";"Mehrfamilienhaus";"Landstrasse 20";"5430";"Wettingen";"AG";"47.469096";"8.3186478";"Adresse";"14";"5";"1112";"516";"Treppenhaus, Lift, Tiefgarage, Aussenanlage/Garten, Zugangswege/Vorplatz, Waschkueche, Entsorgungsplatz";"Treppenhausreinigung, Unterhaltsreinigung, Gartenpflege/Gruenunterhalt, Umgebungsunterhalt (Wege/Vorplatz), Winterdienst, Entsorgung/Kehrichtdienst, Tiefgaragenreinigung, Technischer Hauswart (Kontrollgang/Kleinreparaturen)";"2x woechentlich";"163";"Team Sued (P. Rrahmani)";"Frau Keller";"V-1007";"11.07.2022";"2 Jahre";"2 Monate";"1578";"1351";"22.5";"H13"
"WSG-008";"Immo Zuerichsee AG";"Verwaltung";"Mehrfamilienhaus";"Seminarstrasse 19";"4530";"Wettingen";"AG";"47.4632412";"8.3134536";"Strasse";"9";"4";"1056";"583";"Treppenhaus, Lift, Tiefgarage, Aussenanlage/Garten, Zugangswege/Vorplatz, Waschkueche, Entsorgungsplatz";"Treppenhausreinigung, Unterhaltsreinigung, Gartenpflege/Gruenunterhalt, Umgebungsunterhalt (Wege/Vorplatz), Winterdienst, Entsorgung/Kehrichtdienst, Tiefgaragenreinigung, Technischer Hauswart (Kontrollgang/Kleinreparaturen)";"woechentlich";"152";"Team Nord (M. Kaya)";"Frau Keller";"V-1008";"19.01.2023";"2 Jahre";"2 Monate";"812";"693";"11.6";"H13"
"WSG-009";"Immo Zuerichsee AG";"Verwaltung";"Mehrfamilienhaus";"Seminarstrasse 57";"5430";"Wettingen";"AG";"47.4647021";"8.3126404";"Adresse";"6";"5";"682";"336";"Treppenhaus, Lift, Aussenanlage/Garten, Zugangswege/Vorplatz, Waschkueche, Entsorgungsplatz";"Treppenhausreinigung, Unterhaltsreinigung, Gartenpflege/Gruenunterhalt, Umgebungsunterhalt (Wege/Vorplatz), Winterdienst, Entsorgung/Kehrichtdienst, Technischer Hauswart (Kontrollgang/Kleinreparaturen), Fensterreinigung";"14-taeglich";"120";"Team Limmattal (A. Costa)";"Frau Keller";"V-1009";"12.04.2019";"unbefristet";"1 Monat";"403";"339";"5.6";"H13"
"WSG-010";"Alpina Immobilien Verwaltung AG";"Verwaltung";"Wohnueberbauung";"Marktgasse 36";"8640";"Rapperswil-Jona";"SG";"47.2262976";"8.8151346";"Strasse";"30";"5";"4219";"1278";"Treppenhaus, Lift, Tiefgarage, Aussenanlage/Garten, Zugangswege/Vorplatz, Waschkueche, Entsorgungsplatz";"Treppenhausreinigung, Unterhaltsreinigung, Gartenpflege/Gruenunterhalt, Umgebungsunterhalt (Wege/Vorplatz), Winterdienst, Entsorgung/Kehrichtdienst, Tiefgaragenreinigung, Technischer Hauswart (Kontrollgang/Kleinreparaturen)";"2x woechentlich";"373";"Team Nord (M. Kaya)";"Herr Huber";"V-1010";"13.07.2019";"unbefristet";"3 Monate";"3232";"2759";"46";"H09"
"WSG-011";"Alpina Immobilien Verwaltung AG";"Verwaltung";"Wohn- und Geschaeftshaus";"Neue Jonastrasse 49";"8645";"Rapperswil-Jona";"SG";"47.228635";"8.8271664";"Strasse";"10";"4";"1664";"182";"Treppenhaus, Lift, Tiefgarage, Aussenanlage/Garten, Zugangswege/Vorplatz, Waschkueche, Entsorgungsplatz, Sanitaeranlagen";"Treppenhausreinigung, Unterhaltsreinigung, Gartenpflege/Gruenunterhalt, Umgebungsunterhalt (Wege/Vorplatz), Winterdienst, Entsorgung/Kehrichtdienst, Tiefgaragenreinigung, Sanitaerreinigung, Technischer Hauswart (Kontrollgang/Kleinreparaturen), Fensterreinigung";"2x woechentlich";"189";"Team Sued (P. Rrahmani)";"Herr Huber";"V-1011";"20.04.2023";"2 Jahre";"3 Monate";"1877";"1608";"26.8";"H08"
"WSG-012";"Alpina Immobilien Verwaltung AG";"Verwaltung";"Wohnueberbauung";"Neue Jonastrasse 50";"8640";"Rapperswil-Jona";"SG";"47.2272014";"8.8218682";"Strasse";"21";"5";"1681";"2021";"Treppenhaus, Lift, Tiefgarage, Aussenanlage/Garten, Zugangswege/Vorplatz, Waschkueche, Entsorgungsplatz";"Treppenhausreinigung, Unterhaltsreinigung, Gartenpflege/Gruenunterhalt, Umgebungsunterhalt (Wege/Vorplatz), Winterdienst, Entsorgung/Kehrichtdienst, Tiefgaragenreinigung, Technischer Hauswart (Kontrollgang/Kleinreparaturen)";"woechentlich";"251";"Springer-Team (R. Iseni)";"Herr Huber";"V-1012";"19.02.2023";"3 Jahre";"2 Monate";"1363";"1143";"19";"H09"
"WSG-013";"Alpina Immobilien Verwaltung AG";"Verwaltung";"Buerogebaeude";"Gwattstrasse 39";"8808";"Pfäffikon SZ";"SZ";"47.2000602";"8.7919486";"Strasse";"0";"8";"2993";"271";"Treppenhaus, Lift, Tiefgarage, Aussenanlage/Garten, Zugangswege/Vorplatz, Sanitaeranlagen";"Treppenhausreinigung, Unterhaltsreinigung, Gartenpflege/Gruenunterhalt, Umgebungsunterhalt (Wege/Vorplatz), Winterdienst, Tiefgaragenreinigung, Sanitaerreinigung, Technischer Hauswart (Kontrollgang/Kleinreparaturen)";"woechentlich";"222";"Team Limmattal (A. Costa)";"Herr Huber";"V-1013";"05.03.2023";"unbefristet";"3 Monate";"1192";"1018";"17";"H09"
"WSG-014";"Alpina Immobilien Verwaltung AG";"Verwaltung";"Wohnueberbauung";"Schindellegistrasse 39";"8808";"Pfäffikon SZ";"SZ";"47.1956065";"8.7603403";"Strasse";"50";"4";"3608";"1837";"Treppenhaus, Lift, Tiefgarage, Aussenanlage/Garten, Zugangswege/Vorplatz, Waschkueche, Entsorgungsplatz";"Treppenhausreinigung, Unterhaltsreinigung, Gartenpflege/Gruenunterhalt, Umgebungsunterhalt (Wege/Vorplatz), Winterdienst, Entsorgung/Kehrichtdienst, Tiefgaragenreinigung, Technischer Hauswart (Kontrollgang/Kleinreparaturen)";"woechentlich";"400";"Team Nord (M. Kaya)";"Herr Huber";"V-1014";"07.11.2023";"unbefristet";"2 Monate";"2248";"1910";"31.8";"H09"
"WSG-015";"Alpina Immobilien Verwaltung AG";"Verwaltung";"Mehrfamilienhaus";"Schindellegistrasse 45";"8808";"Pfäffikon SZ";"SZ";"47.1974893";"8.7674213";"Strasse";"14";"4";"580";"477";"Treppenhaus, Lift, Tiefgarage, Aussenanlage/Garten, Zugangswege/Vorplatz, Waschkueche, Entsorgungsplatz";"Treppenhausreinigung, Unterhaltsreinigung, Gartenpflege/Gruenunterhalt, Umgebungsunterhalt (Wege/Vorplatz), Winterdienst, Entsorgung/Kehrichtdienst, Tiefgaragenreinigung, Technischer Hauswart (Kontrollgang/Kleinreparaturen), Fensterreinigung";"woechentlich";"143";"Team Oberland (D. Meier)";"Herr Huber";"V-1015";"22.03.2023";"unbefristet";"3 Monate";"865";"741";"12.4";"H09"
"WSG-016";"Alpina Immobilien Verwaltung AG";"Verwaltung";"Wohn- und Geschaeftshaus";"Schwerzistrasse 36";"8808";"Pfäffikon SZ";"SZ";"47.2000086";"8.7565537";"Strasse";"6";"5";"1181";"71";"Treppenhaus, Lift, Tiefgarage, Aussenanlage/Garten, Zugangswege/Vorplatz, Waschkueche, Entsorgungsplatz, Sanitaeranlagen";"Treppenhausreinigung, Unterhaltsreinigung, Gartenpflege/Gruenunterhalt, Umgebungsunterhalt (Wege/Vorplatz), Winterdienst, Entsorgung/Kehrichtdienst, Tiefgaragenreinigung, Sanitaerreinigung, Technischer Hauswart (Kontrollgang/Kleinreparaturen)";"woechentlich";"145";"Team Limmattal (A. Costa)";"Herr Huber";"V-1016";"16.02.2019";"2 Jahre";"3 Monate";"928";"793";"13.2";"H09"
"WSG-017";"Alpina Immobilien Verwaltung AG";"Verwaltung";"Wohn- und Geschaeftshaus";"Wilenstrasse 41";"8832";"Wilen b. Wollerau";"SZ";"47.1974028";"8.7279914";"Adresse";"7";"4";"1101";"0";"Treppenhaus, Lift, Tiefgarage, Zugangswege/Vorplatz, Waschkueche, Entsorgungsplatz, Sanitaeranlagen";"Treppenhausreinigung, Unterhaltsreinigung, Umgebungsunterhalt (Wege/Vorplatz), Winterdienst, Entsorgung/Kehrichtdienst, Tiefgaragenreinigung, Sanitaerreinigung, Technischer Hauswart (Kontrollgang/Kleinreparaturen), Fensterreinigung";"14-taeglich";"150";"Team Oberland (D. Meier)";"Herr Huber";"V-1017";"10.12.2024";"2 Jahre";"2 Monate";"508";"441";"7.4";"H10"
"WSG-018";"Limmattal Hausverwaltung GmbH";"Verwaltung";"Mehrfamilienhaus";"Wilenstrasse 56";"8832";"Wilen b. Wollerau";"SZ";"47.1971412";"8.726493";"Strasse";"7";"3";"1087";"327";"Treppenhaus, Tiefgarage, Aussenanlage/Garten, Zugangswege/Vorplatz, Waschkueche, Entsorgungsplatz";"Treppenhausreinigung, Unterhaltsreinigung, Gartenpflege/Gruenunterhalt, Umgebungsunterhalt (Wege/Vorplatz), Winterdienst, Entsorgung/Kehrichtdienst, Tiefgaragenreinigung, Technischer Hauswart (Kontrollgang/Kleinreparaturen), Fensterreinigung";"woechentlich";"150";"Springer-Team (R. Iseni)";"Herr Meier";"V-1018";"17.09.2022";"unbefristet";"1 Monat";"763";"652";"10.9";"H10"
"WSG-019";"Limmattal Hausverwaltung GmbH";"Verwaltung";"Wohn- und Geschaeftshaus";"Marktstrasse 59";"8500";"Frauenfeld";"TG";"47.5536214";"8.8996833";"Strasse";"14";"4";"903";"267";"Treppenhaus, Lift, Tiefgarage, Aussenanlage/Garten, Zugangswege/Vorplatz, Waschkueche, Entsorgungsplatz, Sanitaeranlagen";"Treppenhausreinigung, Unterhaltsreinigung, Gartenpflege/Gruenunterhalt, Umgebungsunterhalt (Wege/Vorplatz), Winterdienst, Entsorgung/Kehrichtdienst, Tiefgaragenreinigung, Sanitaerreinigung, Technischer Hauswart (Kontrollgang/Kleinreparaturen)";"woechentlich";"153";"Team See (T. Frei)";"Herr Meier";"V-1019";"31.12.2023";"1 Jahr";"2 Monate";"1025";"877";"14.6";"H08"
"WSG-020";"Limmattal Hausverwaltung GmbH";"Verwaltung";"Wohnueberbauung";"Rheinstrasse 58";"8500";"Frauenfeld";"TG";"47.5560888";"8.8958732";"Strasse";"40";"7";"2222";"2335";"Treppenhaus, Lift, Tiefgarage, Aussenanlage/Garten, Zugangswege/Vorplatz, Waschkueche, Entsorgungsplatz";"Treppenhausreinigung, Unterhaltsreinigung, Gartenpflege/Gruenunterhalt, Umgebungsunterhalt (Wege/Vorplatz), Winterdienst, Entsorgung/Kehrichtdienst, Tiefgaragenreinigung, Technischer Hauswart (Kontrollgang/Kleinreparaturen)";"woechentlich";"325";"Springer-Team (R. Iseni)";"Herr Meier";"V-1020";"28.10.2024";"unbefristet";"1 Monat";"1973";"1664";"27.7";"H08"
"WSG-021";"Limmattal Hausverwaltung GmbH";"Verwaltung";"Wohn- und Geschaeftshaus";"Zürcherstrasse 6";"8552";"Frauenfeld";"TG";"47.5700907";"8.9218054";"Strasse";"5";"6";"1989";"108";"Treppenhaus, Lift, Aussenanlage/Garten, Zugangswege/Vorplatz, Waschkueche, Entsorgungsplatz, Sanitaeranlagen";"Treppenhausreinigung, Unterhaltsreinigung, Gartenpflege/Gruenunterhalt, Umgebungsunterhalt (Wege/Vorplatz), Winterdienst, Entsorgung/Kehrichtdienst, Sanitaerreinigung, Technischer Hauswart (Kontrollgang/Kleinreparaturen), Fensterreinigung";"14-taeglich";"185";"Team Nord (M. Kaya)";"Herr Meier";"V-1021";"18.06.2019";"1 Jahr";"2 Monate";"600";"508";"8.5";"H08"
"WSG-022";"Limmattal Hausverwaltung GmbH";"Verwaltung";"Mehrfamilienhaus";"Oberdorfstrasse 33";"6340";"Baar";"ZG";"47.1954326";"8.5292425";"Strasse";"7";"5";"1151";"151";"Treppenhaus, Lift, Aussenanlage/Garten, Zugangswege/Vorplatz, Waschkueche, Entsorgungsplatz";"Treppenhausreinigung, Unterhaltsreinigung, Gartenpflege/Gruenunterhalt, Umgebungsunterhalt (Wege/Vorplatz), Winterdienst, Entsorgung/Kehrichtdienst, Technischer Hauswart (Kontrollgang/Kleinreparaturen)";"2x woechentlich";"132";"Team See (T. Frei)";"Herr Meier";"V-1022";"14.04.2023";"2 Jahre";"2 Monate";"1282";"1094";"18.2";"H11"
"WSG-023";"Limmattal Hausverwaltung GmbH";"Verwaltung";"Mehrfamilienhaus";"Rathausstrasse 26";"6340";"Baar";"ZG";"47.1947759";"8.5263097";"Strasse";"13";"3";"977";"666";"Treppenhaus, Tiefgarage, Aussenanlage/Garten, Zugangswege/Vorplatz, Waschkueche, Entsorgungsplatz";"Treppenhausreinigung, Unterhaltsreinigung, Gartenpflege/Gruenunterhalt, Umgebungsunterhalt (Wege/Vorplatz), Winterdienst, Entsorgung/Kehrichtdienst, Tiefgaragenreinigung, Technischer Hauswart (Kontrollgang/Kleinreparaturen)";"2x woechentlich";"159";"Team Oberland (D. Meier)";"Herr Meier";"V-1023";"22.10.2022";"3 Jahre";"3 Monate";"1384";"1182";"19.7";"H11"
"WSG-024";"Limmattal Hausverwaltung GmbH";"Verwaltung";"Wohnueberbauung";"Rathausstrasse 42";"6340";"Baar";"ZG";"47.1947759";"8.5263097";"Strasse";"39";"7";"3231";"3477";"Treppenhaus, Lift, Tiefgarage, Aussenanlage/Garten, Zugangswege/Vorplatz, Waschkueche, Entsorgungsplatz";"Treppenhausreinigung, Unterhaltsreinigung, Gartenpflege/Gruenunterhalt, Umgebungsunterhalt (Wege/Vorplatz), Winterdienst, Entsorgung/Kehrichtdienst, Tiefgaragenreinigung, Technischer Hauswart (Kontrollgang/Kleinreparaturen)";"woechentlich";"408";"Team See (T. Frei)";"Herr Meier";"V-1024";"07.02.2025";"2 Jahre";"3 Monate";"2217";"1854";"30.9";"H11"
"WSG-025";"Pfister & Partner Immobilien AG";"Verwaltung";"Mehrfamilienhaus";"Zugerstrasse 1";"6340";"Baar";"ZG";"47.1931917";"8.5234113";"Adresse";"7";"4";"839";"255";"Treppenhaus, Lift, Aussenanlage/Garten, Zugangswege/Vorplatz, Waschkueche, Entsorgungsplatz";"Treppenhausreinigung, Unterhaltsreinigung, Gartenpflege/Gruenunterhalt, Umgebungsunterhalt (Wege/Vorplatz), Winterdienst, Entsorgung/Kehrichtdienst, Technischer Hauswart (Kontrollgang/Kleinreparaturen)";"woechentlich";"120";"Team See (T. Frei)";"Frau Weber";"V-1025";"08.06.2020";"unbefristet";"1 Monat";"682";"579";"9.6";"H11"
"WSG-026";"Pfister & Partner Immobilien AG";"Verwaltung";"Mehrfamilienhaus";"Baarerstrasse 42";"6300";"Zug";"ZG";"47.1746717";"8.5173104";"Adresse";"16";"4";"675";"623";"Treppenhaus, Lift, Tiefgarage, Aussenanlage/Garten, Zugangswege/Vorplatz, Waschkueche, Entsorgungsplatz";"Treppenhausreinigung, Unterhaltsreinigung, Gartenpflege/Gruenunterhalt, Umgebungsunterhalt (Wege/Vorplatz), Winterdienst, Entsorgung/Kehrichtdienst, Tiefgaragenreinigung, Technischer Hauswart (Kontrollgang/Kleinreparaturen)";"2x woechentlich";"148";"Team Sued (P. Rrahmani)";"Frau Weber";"V-1026";"27.01.2020";"unbefristet";"3 Monate";"1480";"1266";"21.1";"H11"
"WSG-027";"Pfister & Partner Immobilien AG";"Verwaltung";"Wohnueberbauung";"Bahnhofstrasse 47";"6300";"Zug";"ZG";"47.1693168";"8.5157693";"Strasse";"39";"4";"2672";"2275";"Treppenhaus, Lift, Tiefgarage, Aussenanlage/Garten, Zugangswege/Vorplatz, Waschkueche, Entsorgungsplatz";"Treppenhausreinigung, Unterhaltsreinigung, Gartenpflege/Gruenunterhalt, Umgebungsunterhalt (Wege/Vorplatz), Winterdienst, Entsorgung/Kehrichtdienst, Tiefgaragenreinigung, Technischer Hauswart (Kontrollgang/Kleinreparaturen), Fensterreinigung";"woechentlich";"352";"Springer-Team (R. Iseni)";"Frau Weber";"V-1027";"22.03.2021";"3 Jahre";"3 Monate";"1950";"1647";"27.4";"H12"
"WSG-028";"Pfister & Partner Immobilien AG";"Verwaltung";"Wohn- und Geschaeftshaus";"Industriestrasse 46";"6300";"Zug";"ZG";"47.1773542";"8.5200954";"Adresse";"14";"4";"1143";"54";"Treppenhaus, Lift, Tiefgarage, Aussenanlage/Garten, Zugangswege/Vorplatz, Waschkueche, Entsorgungsplatz, Sanitaeranlagen";"Treppenhausreinigung, Unterhaltsreinigung, Gartenpflege/Gruenunterhalt, Umgebungsunterhalt (Wege/Vorplatz), Winterdienst, Entsorgung/Kehrichtdienst, Tiefgaragenreinigung, Sanitaerreinigung, Technischer Hauswart (Kontrollgang/Kleinreparaturen), Fensterreinigung";"2x woechentlich";"167";"Team Limmattal (A. Costa)";"Frau Weber";"V-1028";"25.07.2025";"1 Jahr";"2 Monate";"1804";"1546";"25.8";"H11"
"WSG-029";"Pfister & Partner Immobilien AG";"Verwaltung";"Wohn- und Geschaeftshaus";"Industriestrasse 47";"6300";"Zug";"ZG";"47.1825846";"8.5215242";"Adresse";"6";"6";"1137";"105";"Treppenhaus, Lift, Aussenanlage/Garten, Zugangswege/Vorplatz, Waschkueche, Entsorgungsplatz, Sanitaeranlagen";"Treppenhausreinigung, Unterhaltsreinigung, Gartenpflege/Gruenunterhalt, Umgebungsunterhalt (Wege/Vorplatz), Winterdienst, Entsorgung/Kehrichtdienst, Sanitaerreinigung, Technischer Hauswart (Kontrollgang/Kleinreparaturen), Fensterreinigung";"woechentlich";"144";"Springer-Team (R. Iseni)";"Frau Weber";"V-1029";"08.03.2019";"unbefristet";"1 Monat";"910";"775";"12.9";"H11"
"WSG-030";"Pfister & Partner Immobilien AG";"Verwaltung";"Mehrfamilienhaus";"Soodstrasse 37";"8134";"Adliswil";"ZH";"47.3205065";"8.5212105";"Strasse";"6";"3";"822";"637";"Treppenhaus, Tiefgarage, Aussenanlage/Garten, Zugangswege/Vorplatz, Waschkueche, Entsorgungsplatz";"Treppenhausreinigung, Unterhaltsreinigung, Gartenpflege/Gruenunterhalt, Umgebungsunterhalt (Wege/Vorplatz), Winterdienst, Entsorgung/Kehrichtdienst, Tiefgaragenreinigung, Technischer Hauswart (Kontrollgang/Kleinreparaturen)";"woechentlich";"136";"Team Oberland (D. Meier)";"Frau Weber";"V-1030";"15.06.2024";"1 Jahr";"1 Monat";"691";"588";"9.8";"H05"
"WSG-031";"Zuercher Wohnbau Genossenschaft";"Genossenschaft";"Mehrfamilienhaus";"Zürichstrasse 17";"8134";"Adliswil";"ZH";"47.3134491";"8.5276817";"Adresse";"9";"4";"816";"625";"Treppenhaus, Lift, Tiefgarage, Aussenanlage/Garten, Zugangswege/Vorplatz, Waschkueche, Entsorgungsplatz";"Treppenhausreinigung, Unterhaltsreinigung, Gartenpflege/Gruenunterhalt, Umgebungsunterhalt (Wege/Vorplatz), Winterdienst, Entsorgung/Kehrichtdienst, Tiefgaragenreinigung, Technischer Hauswart (Kontrollgang/Kleinreparaturen), Fensterreinigung";"woechentlich";"150";"Team See (T. Frei)";"Herr Brunner";"V-1031";"13.02.2019";"2 Jahre";"1 Monat";"790";"674";"11.2";"H05"
"WSG-032";"Zuercher Wohnbau Genossenschaft";"Genossenschaft";"Wohnueberbauung";"Alte Obfelderstrasse 20";"8910";"Affoltern am Albis";"ZH";"47.2759776";"8.4447816";"Adresse";"44";"4";"4375";"3355";"Treppenhaus, Lift, Tiefgarage, Aussenanlage/Garten, Zugangswege/Vorplatz, Waschkueche, Entsorgungsplatz";"Treppenhausreinigung, Unterhaltsreinigung, Gartenpflege/Gruenunterhalt, Umgebungsunterhalt (Wege/Vorplatz), Winterdienst, Entsorgung/Kehrichtdienst, Tiefgaragenreinigung, Technischer Hauswart (Kontrollgang/Kleinreparaturen), Fensterreinigung";"woechentlich";"479";"Team Nord (M. Kaya)";"Herr Brunner";"V-1032";"25.01.2020";"2 Jahre";"1 Monat";"2422";"2035";"33.9";"H12"
"WSG-033";"Zuercher Wohnbau Genossenschaft";"Genossenschaft";"Mehrfamilienhaus";"Alte Obfelderstrasse 59";"8910";"Affoltern am Albis";"ZH";"47.2737778";"8.4399293";"Adresse";"10";"3";"910";"294";"Treppenhaus, Tiefgarage, Aussenanlage/Garten, Zugangswege/Vorplatz, Waschkueche, Entsorgungsplatz";"Treppenhausreinigung, Unterhaltsreinigung, Gartenpflege/Gruenunterhalt, Umgebungsunterhalt (Wege/Vorplatz), Winterdienst, Entsorgung/Kehrichtdienst, Tiefgaragenreinigung, Technischer Hauswart (Kontrollgang/Kleinreparaturen)";"2x woechentlich";"138";"Team Limmattal (A. Costa)";"Herr Brunner";"V-1033";"05.08.2021";"unbefristet";"2 Monate";"1240";"1061";"17.7";"H12"
"WSG-034";"Zuercher Wohnbau Genossenschaft";"Genossenschaft";"Buerogebaeude";"Marktplatz 7";"8909";"Affoltern am Albis";"ZH";"47.2766287";"8.4502796";"Strasse";"0";"7";"1298";"476";"Treppenhaus, Lift, Tiefgarage, Aussenanlage/Garten, Zugangswege/Vorplatz, Sanitaeranlagen";"Treppenhausreinigung, Unterhaltsreinigung, Gartenpflege/Gruenunterhalt, Umgebungsunterhalt (Wege/Vorplatz), Winterdienst, Tiefgaragenreinigung, Sanitaerreinigung, Technischer Hauswart (Kontrollgang/Kleinreparaturen)";"woechentlich";"143";"Team Limmattal (A. Costa)";"Herr Brunner";"V-1034";"30.01.2019";"1 Jahr";"1 Monat";"818";"697";"11.6";"H12"
"WSG-035";"Zuercher Wohnbau Genossenschaft";"Genossenschaft";"Mehrfamilienhaus";"Schaffhauserstrasse 37";"8180";"Bülach";"ZH";"47.5190259";"8.5418334";"Adresse";"15";"3";"1135";"548";"Treppenhaus, Tiefgarage, Aussenanlage/Garten, Zugangswege/Vorplatz, Waschkueche, Entsorgungsplatz";"Treppenhausreinigung, Unterhaltsreinigung, Gartenpflege/Gruenunterhalt, Umgebungsunterhalt (Wege/Vorplatz), Winterdienst, Entsorgung/Kehrichtdienst, Tiefgaragenreinigung, Technischer Hauswart (Kontrollgang/Kleinreparaturen), Fensterreinigung";"14-taeglich";"175";"Team See (T. Frei)";"Herr Brunner";"V-1035";"08.11.2021";"3 Jahre";"3 Monate";"597";"509";"8.5";"H07"
"WSG-036";"Zuercher Wohnbau Genossenschaft";"Genossenschaft";"Wohn- und Geschaeftshaus";"Schaffhauserstrasse 8";"8180";"Bülach";"ZH";"47.5170787";"8.5427311";"Adresse";"10";"6";"823";"127";"Treppenhaus, Lift, Tiefgarage, Aussenanlage/Garten, Zugangswege/Vorplatz, Waschkueche, Entsorgungsplatz, Sanitaeranlagen";"Treppenhausreinigung, Unterhaltsreinigung, Gartenpflege/Gruenunterhalt, Umgebungsunterhalt (Wege/Vorplatz), Winterdienst, Entsorgung/Kehrichtdienst, Tiefgaragenreinigung, Sanitaerreinigung, Technischer Hauswart (Kontrollgang/Kleinreparaturen), Fensterreinigung";"14-taeglich";"145";"Team Limmattal (A. Costa)";"Herr Brunner";"V-1036";"23.05.2024";"unbefristet";"2 Monate";"597";"509";"8.5";"H07"
"WSG-037";"Baumann Liegenschaften AG";"Eigentuemerfirma";"Alters- und Pflegeheim";"Winterthurerstrasse 17";"8180";"Bülach";"ZH";"47.5204518";"8.5425869";"Adresse";"42";"5";"4055";"2179";"Treppenhaus, Lift, Tiefgarage, Aussenanlage/Garten, Zugangswege/Vorplatz, Waschkueche, Entsorgungsplatz, Sanitaeranlagen";"Treppenhausreinigung, Unterhaltsreinigung, Gartenpflege/Gruenunterhalt, Umgebungsunterhalt (Wege/Vorplatz), Winterdienst, Entsorgung/Kehrichtdienst, Tiefgaragenreinigung, Sanitaerreinigung, Technischer Hauswart (Kontrollgang/Kleinreparaturen)";"woechentlich";"424";"Team Nord (M. Kaya)";"Herr Baumann";"V-1037";"24.01.2019";"1 Jahr";"3 Monate";"2501";"2120";"35.3";"H08"
"WSG-038";"Baumann Liegenschaften AG";"Eigentuemerfirma";"Mehrfamilienhaus";"Badenerstrasse 41";"8953";"Dietikon";"ZH";"47.4070736";"8.3948972";"Adresse";"8";"4";"1090";"545";"Treppenhaus, Lift, Tiefgarage, Aussenanlage/Garten, Zugangswege/Vorplatz, Waschkueche, Entsorgungsplatz";"Treppenhausreinigung, Unterhaltsreinigung, Gartenpflege/Gruenunterhalt, Umgebungsunterhalt (Wege/Vorplatz), Winterdienst, Entsorgung/Kehrichtdienst, Tiefgaragenreinigung, Technischer Hauswart (Kontrollgang/Kleinreparaturen)";"woechentlich";"151";"Springer-Team (R. Iseni)";"Herr Baumann";"V-1038";"09.09.2020";"unbefristet";"3 Monate";"799";"682";"11.4";"H06"
"WSG-039";"Baumann Liegenschaften AG";"Eigentuemerfirma";"Gewerbeliegenschaft";"Bremgartnerstrasse 8";"8953";"Dietikon";"ZH";"47.4042887";"8.4023826";"Adresse";"0";"4";"1414";"147";"Treppenhaus, Lift, Aussenanlage/Garten, Zugangswege/Vorplatz, Sanitaeranlagen";"Treppenhausreinigung, Unterhaltsreinigung, Gartenpflege/Gruenunterhalt, Umgebungsunterhalt (Wege/Vorplatz), Winterdienst, Sanitaerreinigung, Technischer Hauswart (Kontrollgang/Kleinreparaturen), Fensterreinigung";"2x woechentlich";"139";"Team Limmattal (A. Costa)";"Herr Baumann";"V-1039";"14.09.2020";"2 Jahre";"1 Monat";"1280";"1092";"18.2";"H06"
"WSG-040";"Baumann Liegenschaften AG";"Eigentuemerfirma";"Mehrfamilienhaus";"Heimstrasse 11";"8953";"Dietikon";"ZH";"47.410418";"8.404956";"Strasse";"9";"5";"687";"303";"Treppenhaus, Lift, Tiefgarage, Aussenanlage/Garten, Zugangswege/Vorplatz, Waschkueche, Entsorgungsplatz";"Treppenhausreinigung, Unterhaltsreinigung, Gartenpflege/Gruenunterhalt, Umgebungsunterhalt (Wege/Vorplatz), Winterdienst, Entsorgung/Kehrichtdienst, Tiefgaragenreinigung, Technischer Hauswart (Kontrollgang/Kleinreparaturen)";"14-taeglich";"125";"Team Nord (M. Kaya)";"Herr Baumann";"V-1040";"25.03.2019";"3 Jahre";"2 Monate";"484";"411";"6.8";"H06"
"WSG-041";"Baumann Liegenschaften AG";"Eigentuemerfirma";"Gewerbeliegenschaft";"Kirchstrasse 41";"8953";"Dietikon";"ZH";"47.4064146";"8.4018703";"Strasse";"0";"3";"3583";"224";"Treppenhaus, Aussenanlage/Garten, Zugangswege/Vorplatz, Sanitaeranlagen";"Treppenhausreinigung, Unterhaltsreinigung, Gartenpflege/Gruenunterhalt, Umgebungsunterhalt (Wege/Vorplatz), Winterdienst, Sanitaerreinigung, Technischer Hauswart (Kontrollgang/Kleinreparaturen), Fensterreinigung";"woechentlich";"250";"Team Limmattal (A. Costa)";"Herr Baumann";"V-1041";"10.12.2022";"unbefristet";"3 Monate";"1145";"977";"16.3";"H06"
"WSG-042";"Wohnbaugenossenschaft Glattal";"Genossenschaft";"Buerogebaeude";"Poststrasse 36";"8953";"Dietikon";"ZH";"47.402967";"8.4047464";"Strasse";"0";"6";"2099";"236";"Treppenhaus, Lift, Tiefgarage, Aussenanlage/Garten, Zugangswege/Vorplatz, Sanitaeranlagen";"Treppenhausreinigung, Unterhaltsreinigung, Gartenpflege/Gruenunterhalt, Umgebungsunterhalt (Wege/Vorplatz), Winterdienst, Tiefgaragenreinigung, Sanitaerreinigung, Technischer Hauswart (Kontrollgang/Kleinreparaturen), Fensterreinigung";"3x woechentlich";"184";"Team Limmattal (A. Costa)";"Frau Suter";"V-1042";"05.12.2024";"unbefristet";"2 Monate";"2488";"2130";"35.5";"H06"
"WSG-043";"Wohnbaugenossenschaft Glattal";"Genossenschaft";"Wohnueberbauung";"Bahnhofstrasse 42";"8600";"Dübendorf";"ZH";"47.3985849";"8.6207437";"Adresse";"42";"5";"4103";"1770";"Treppenhaus, Lift, Tiefgarage, Aussenanlage/Garten, Zugangswege/Vorplatz, Waschkueche, Entsorgungsplatz";"Treppenhausreinigung, Unterhaltsreinigung, Gartenpflege/Gruenunterhalt, Umgebungsunterhalt (Wege/Vorplatz), Winterdienst, Entsorgung/Kehrichtdienst, Tiefgaragenreinigung, Technischer Hauswart (Kontrollgang/Kleinreparaturen), Fensterreinigung";"woechentlich";"414";"Team Nord (M. Kaya)";"Frau Suter";"V-1043";"17.04.2021";"unbefristet";"2 Monate";"2224";"1891";"31.5";"H01"
"WSG-044";"Wohnbaugenossenschaft Glattal";"Genossenschaft";"Wohnueberbauung";"Bahnhofstrasse 52";"8600";"Dübendorf";"ZH";"47.3972113";"8.6181465";"Strasse";"57";"4";"4016";"1468";"Treppenhaus, Lift, Tiefgarage, Aussenanlage/Garten, Zugangswege/Vorplatz, Waschkueche, Entsorgungsplatz";"Treppenhausreinigung, Unterhaltsreinigung, Gartenpflege/Gruenunterhalt, Umgebungsunterhalt (Wege/Vorplatz), Winterdienst, Entsorgung/Kehrichtdienst, Tiefgaragenreinigung, Technischer Hauswart (Kontrollgang/Kleinreparaturen)";"woechentlich";"423";"Team Limmattal (A. Costa)";"Frau Suter";"V-1044";"20.04.2019";"1 Jahr";"2 Monate";"2382";"2031";"33.8";"H01"
"WSG-045";"Wohnbaugenossenschaft Glattal";"Genossenschaft";"Mehrfamilienhaus";"Sonnenbergstrasse 58";"8600";"Dübendorf";"ZH";"47.393772";"8.6326587";"Strasse";"14";"5";"966";"683";"Treppenhaus, Lift, Tiefgarage, Aussenanlage/Garten, Zugangswege/Vorplatz, Waschkueche, Entsorgungsplatz";"Treppenhausreinigung, Unterhaltsreinigung, Gartenpflege/Gruenunterhalt, Umgebungsunterhalt (Wege/Vorplatz), Winterdienst, Entsorgung/Kehrichtdienst, Tiefgaragenreinigung, Technischer Hauswart (Kontrollgang/Kleinreparaturen)";"woechentlich";"161";"Team Sued (P. Rrahmani)";"Frau Suter";"V-1045";"19.01.2025";"3 Jahre";"2 Monate";"960";"819";"13.6";"H02"
"WSG-046";"Wohnbaugenossenschaft Glattal";"Genossenschaft";"Mehrfamilienhaus";"Usterstrasse 29";"8600";"Dübendorf";"ZH";"47.3968526";"8.6215184";"Adresse";"6";"5";"529";"532";"Treppenhaus, Lift, Tiefgarage, Aussenanlage/Garten, Zugangswege/Vorplatz, Waschkueche, Entsorgungsplatz";"Treppenhausreinigung, Unterhaltsreinigung, Gartenpflege/Gruenunterhalt, Umgebungsunterhalt (Wege/Vorplatz), Winterdienst, Entsorgung/Kehrichtdienst, Tiefgaragenreinigung, Technischer Hauswart (Kontrollgang/Kleinreparaturen)";"14-taeglich";"118";"Team Nord (M. Kaya)";"Frau Suter";"V-1046";"24.08.2020";"1 Jahr";"1 Monat";"437";"370";"6.2";"H01"
"WSG-047";"Seedamm Immobilien AG";"Verwaltung";"Mehrfamilienhaus";"Zürichstrasse 32";"8600";"Dübendorf";"ZH";"47.3970215";"8.6168119";"Strasse";"8";"4";"1165";"364";"Treppenhaus, Lift, Tiefgarage, Aussenanlage/Garten, Zugangswege/Vorplatz, Waschkueche, Entsorgungsplatz";"Treppenhausreinigung, Unterhaltsreinigung, Gartenpflege/Gruenunterhalt, Umgebungsunterhalt (Wege/Vorplatz), Winterdienst, Entsorgung/Kehrichtdienst, Tiefgaragenreinigung, Technischer Hauswart (Kontrollgang/Kleinreparaturen), Fensterreinigung";"14-taeglich";"157";"Team Sued (P. Rrahmani)";"Frau Graf";"V-1047";"16.09.2024";"3 Jahre";"1 Monat";"508";"432";"7.2";"H01"
"WSG-048";"Seedamm Immobilien AG";"Verwaltung";"Mehrfamilienhaus";"Dorfgasse 7";"8810";"Horgen";"ZH";"47.2604419";"8.5986828";"Adresse";"17";"4";"634";"338";"Treppenhaus, Lift, Tiefgarage, Aussenanlage/Garten, Zugangswege/Vorplatz, Waschkueche, Entsorgungsplatz";"Treppenhausreinigung, Unterhaltsreinigung, Gartenpflege/Gruenunterhalt, Umgebungsunterhalt (Wege/Vorplatz), Winterdienst, Entsorgung/Kehrichtdienst, Tiefgaragenreinigung, Technischer Hauswart (Kontrollgang/Kleinreparaturen)";"2x woechentlich";"140";"Team See (T. Frei)";"Frau Graf";"V-1048";"30.07.2020";"1 Jahr";"2 Monate";"1485";"1272";"21.2";"H04"
"WSG-049";"Seedamm Immobilien AG";"Verwaltung";"Wohn- und Geschaeftshaus";"Zugerstrasse 46";"8816";"Horgen";"ZH";"47.2148947";"8.6110017";"Adresse";"13";"4";"644";"136";"Treppenhaus, Lift, Tiefgarage, Aussenanlage/Garten, Zugangswege/Vorplatz, Waschkueche, Entsorgungsplatz, Sanitaeranlagen";"Treppenhausreinigung, Unterhaltsreinigung, Gartenpflege/Gruenunterhalt, Umgebungsunterhalt (Wege/Vorplatz), Winterdienst, Entsorgung/Kehrichtdienst, Tiefgaragenreinigung, Sanitaerreinigung, Technischer Hauswart (Kontrollgang/Kleinreparaturen), Fensterreinigung";"2x woechentlich";"142";"Team Nord (M. Kaya)";"Frau Graf";"V-1049";"27.11.2023";"3 Jahre";"2 Monate";"1552";"1330";"22.2";"H04"
"WSG-050";"Seedamm Immobilien AG";"Verwaltung";"Wohnueberbauung";"Bahnhofstrasse 20";"8307";"Illnau-Effretikon";"ZH";"47.4258439";"8.6865438";"Adresse";"59";"7";"2303";"2821";"Treppenhaus, Lift, Tiefgarage, Aussenanlage/Garten, Zugangswege/Vorplatz, Waschkueche, Entsorgungsplatz";"Treppenhausreinigung, Unterhaltsreinigung, Gartenpflege/Gruenunterhalt, Umgebungsunterhalt (Wege/Vorplatz), Winterdienst, Entsorgung/Kehrichtdienst, Tiefgaragenreinigung, Technischer Hauswart (Kontrollgang/Kleinreparaturen)";"woechentlich";"382";"Team Limmattal (A. Costa)";"Frau Graf";"V-1050";"15.11.2019";"3 Jahre";"2 Monate";"2385";"2011";"33.5";"H02"
"WSG-051";"Seedamm Immobilien AG";"Verwaltung";"Wohnueberbauung";"Alte Landstrasse 11";"8802";"Kilchberg (ZH)";"ZH";"47.3331292";"8.5411993";"Adresse";"38";"7";"2987";"2582";"Treppenhaus, Lift, Tiefgarage, Aussenanlage/Garten, Zugangswege/Vorplatz, Waschkueche, Entsorgungsplatz";"Treppenhausreinigung, Unterhaltsreinigung, Gartenpflege/Gruenunterhalt, Umgebungsunterhalt (Wege/Vorplatz), Winterdienst, Entsorgung/Kehrichtdienst, Tiefgaragenreinigung, Technischer Hauswart (Kontrollgang/Kleinreparaturen)";"woechentlich";"367";"Team See (T. Frei)";"Frau Graf";"V-1051";"17.05.2019";"2 Jahre";"1 Monat";"2068";"1741";"29";"H05"
"WSG-052";"SwissHome Property Management GmbH";"Verwaltung";"Mehrfamilienhaus";"Industriestrasse 55";"8302";"Kloten";"ZH";"47.4501579";"8.592035";"Strasse";"7";"5";"1097";"346";"Treppenhaus, Lift, Aussenanlage/Garten, Zugangswege/Vorplatz, Waschkueche, Entsorgungsplatz";"Treppenhausreinigung, Unterhaltsreinigung, Gartenpflege/Gruenunterhalt, Umgebungsunterhalt (Wege/Vorplatz), Winterdienst, Entsorgung/Kehrichtdienst, Technischer Hauswart (Kontrollgang/Kleinreparaturen)";"14-taeglich";"135";"Team Limmattal (A. Costa)";"Frau Widmer";"V-1052";"26.03.2024";"unbefristet";"3 Monate";"436";"367";"6.1";"H01"
"WSG-053";"SwissHome Property Management GmbH";"Verwaltung";"Wohnueberbauung";"Schaffhauserstrasse 18";"8302";"Kloten";"ZH";"47.4408729";"8.575446";"Adresse";"48";"6";"1722";"3220";"Treppenhaus, Lift, Tiefgarage, Aussenanlage/Garten, Zugangswege/Vorplatz, Waschkueche, Entsorgungsplatz";"Treppenhausreinigung, Unterhaltsreinigung, Gartenpflege/Gruenunterhalt, Umgebungsunterhalt (Wege/Vorplatz), Winterdienst, Entsorgung/Kehrichtdienst, Tiefgaragenreinigung, Technischer Hauswart (Kontrollgang/Kleinreparaturen)";"14-taeglich";"343";"Team See (T. Frei)";"Frau Widmer";"V-1053";"11.01.2025";"2 Jahre";"1 Monat";"1352";"1115";"18.6";"H01"
"WSG-054";"SwissHome Property Management GmbH";"Verwaltung";"Wohn- und Geschaeftshaus";"Schaffhauserstrasse 35";"8302";"Kloten";"ZH";"47.4457132";"8.5798379";"Strasse";"11";"4";"1941";"130";"Treppenhaus, Lift, Tiefgarage, Aussenanlage/Garten, Zugangswege/Vorplatz, Waschkueche, Entsorgungsplatz, Sanitaeranlagen";"Treppenhausreinigung, Unterhaltsreinigung, Gartenpflege/Gruenunterhalt, Umgebungsunterhalt (Wege/Vorplatz), Winterdienst, Entsorgung/Kehrichtdienst, Tiefgaragenreinigung, Sanitaerreinigung, Technischer Hauswart (Kontrollgang/Kleinreparaturen)";"2x woechentlich";"195";"Team Limmattal (A. Costa)";"Frau Widmer";"V-1054";"05.02.2022";"unbefristet";"1 Monat";"2014";"1725";"28.8";"H01"
"WSG-055";"SwissHome Property Management GmbH";"Verwaltung";"Mehrfamilienhaus";"Steinackerstrasse 27";"8302";"Kloten";"ZH";"47.4487584";"8.5988395";"Strasse";"14";"4";"1103";"246";"Treppenhaus, Lift, Tiefgarage, Aussenanlage/Garten, Zugangswege/Vorplatz, Waschkueche, Entsorgungsplatz";"Treppenhausreinigung, Unterhaltsreinigung, Gartenpflege/Gruenunterhalt, Umgebungsunterhalt (Wege/Vorplatz), Winterdienst, Entsorgung/Kehrichtdienst, Tiefgaragenreinigung, Technischer Hauswart (Kontrollgang/Kleinreparaturen)";"woechentlich";"155";"Team See (T. Frei)";"Frau Widmer";"V-1055";"11.04.2023";"1 Jahr";"2 Monate";"934";"799";"13.3";"H01"
"WSG-056";"Regio Verwaltungs AG";"Verwaltung";"Wohnueberbauung";"Allmendstrasse 14";"8700";"Küsnacht (ZH)";"ZH";"47.3162856";"8.5870053";"Adresse";"53";"7";"1911";"2275";"Treppenhaus, Lift, Tiefgarage, Aussenanlage/Garten, Zugangswege/Vorplatz, Waschkueche, Entsorgungsplatz";"Treppenhausreinigung, Unterhaltsreinigung, Gartenpflege/Gruenunterhalt, Umgebungsunterhalt (Wege/Vorplatz), Winterdienst, Entsorgung/Kehrichtdienst, Tiefgaragenreinigung, Technischer Hauswart (Kontrollgang/Kleinreparaturen)";"woechentlich";"334";"Team Oberland (D. Meier)";"Herr Frei";"V-1056";"28.10.2020";"3 Jahre";"3 Monate";"2170";"1836";"30.6";"H05"
"WSG-057";"Regio Verwaltungs AG";"Verwaltung";"Mehrfamilienhaus";"Dorfstrasse 3";"8700";"Küsnacht (ZH)";"ZH";"47.3174137";"8.5828651";"Strasse";"14";"3";"492";"641";"Treppenhaus, Tiefgarage, Aussenanlage/Garten, Zugangswege/Vorplatz, Waschkueche, Entsorgungsplatz";"Treppenhausreinigung, Unterhaltsreinigung, Gartenpflege/Gruenunterhalt, Umgebungsunterhalt (Wege/Vorplatz), Winterdienst, Entsorgung/Kehrichtdienst, Tiefgaragenreinigung, Technischer Hauswart (Kontrollgang/Kleinreparaturen), Fensterreinigung";"woechentlich";"144";"Springer-Team (R. Iseni)";"Herr Frei";"V-1057";"25.04.2023";"2 Jahre";"2 Monate";"836";"714";"11.9";"H05"
"WSG-058";"Regio Verwaltungs AG";"Verwaltung";"Mehrfamilienhaus";"Wangensbachstrasse 24";"8700";"Küsnacht (ZH)";"ZH";"47.3203954";"8.5828023";"Strasse";"6";"5";"859";"160";"Treppenhaus, Lift, Tiefgarage, Aussenanlage/Garten, Zugangswege/Vorplatz, Waschkueche, Entsorgungsplatz";"Treppenhausreinigung, Unterhaltsreinigung, Gartenpflege/Gruenunterhalt, Umgebungsunterhalt (Wege/Vorplatz), Winterdienst, Entsorgung/Kehrichtdienst, Tiefgaragenreinigung, Technischer Hauswart (Kontrollgang/Kleinreparaturen)";"woechentlich";"124";"Team Limmattal (A. Costa)";"Herr Frei";"V-1058";"14.01.2023";"2 Jahre";"1 Monat";"746";"637";"10.6";"H05"
"WSG-059";"Regio Verwaltungs AG";"Verwaltung";"Wohnueberbauung";"Wangensbachstrasse 49";"8700";"Küsnacht (ZH)";"ZH";"47.3203954";"8.5828023";"Strasse";"37";"4";"2390";"3294";"Treppenhaus, Lift, Tiefgarage, Aussenanlage/Garten, Zugangswege/Vorplatz, Waschkueche, Entsorgungsplatz";"Treppenhausreinigung, Unterhaltsreinigung, Gartenpflege/Gruenunterhalt, Umgebungsunterhalt (Wege/Vorplatz), Winterdienst, Entsorgung/Kehrichtdienst, Tiefgaragenreinigung, Technischer Hauswart (Kontrollgang/Kleinreparaturen)";"14-taeglich";"356";"Springer-Team (R. Iseni)";"Herr Frei";"V-1059";"13.05.2021";"1 Jahr";"1 Monat";"1255";"1029";"17.2";"H05"
"WSG-060";"Furttal Immobilien AG";"Eigentuemerfirma";"Buerogebaeude";"Kirchgasse 43";"8706";"Meilen";"ZH";"47.2684425";"8.6403815";"Strasse";"0";"7";"3522";"0";"Treppenhaus, Lift, Tiefgarage, Zugangswege/Vorplatz, Sanitaeranlagen";"Treppenhausreinigung, Unterhaltsreinigung, Umgebungsunterhalt (Wege/Vorplatz), Winterdienst, Tiefgaragenreinigung, Sanitaerreinigung, Technischer Hauswart (Kontrollgang/Kleinreparaturen)";"3x woechentlich";"241";"Team Oberland (D. Meier)";"Herr Moser";"V-1060";"30.03.2021";"3 Jahre";"1 Monat";"3373";"2896";"48.3";"H04"
"WSG-061";"Furttal Immobilien AG";"Eigentuemerfirma";"Buerogebaeude";"Kempttalstrasse 27";"8330";"Pfäffikon";"ZH";"47.3676366";"8.7806327";"Adresse";"0";"5";"3986";"126";"Treppenhaus, Lift, Tiefgarage, Aussenanlage/Garten, Zugangswege/Vorplatz, Sanitaeranlagen";"Treppenhausreinigung, Unterhaltsreinigung, Gartenpflege/Gruenunterhalt, Umgebungsunterhalt (Wege/Vorplatz), Winterdienst, Tiefgaragenreinigung, Sanitaerreinigung, Technischer Hauswart (Kontrollgang/Kleinreparaturen)";"taeglich";"267";"Team See (T. Frei)";"Herr Moser";"V-1061";"23.11.2020";"unbefristet";"3 Monate";"5762";"4935";"82.2";"H02"
"WSG-062";"Furttal Immobilien AG";"Eigentuemerfirma";"Wohn- und Geschaeftshaus";"Usterstrasse 15";"8330";"Pfäffikon";"ZH";"47.3654395";"8.7803206";"Adresse";"4";"4";"1222";"207";"Treppenhaus, Lift, Aussenanlage/Garten, Zugangswege/Vorplatz, Waschkueche, Entsorgungsplatz, Sanitaeranlagen";"Treppenhausreinigung, Unterhaltsreinigung, Gartenpflege/Gruenunterhalt, Umgebungsunterhalt (Wege/Vorplatz), Winterdienst, Entsorgung/Kehrichtdienst, Sanitaerreinigung, Technischer Hauswart (Kontrollgang/Kleinreparaturen), Fensterreinigung";"woechentlich";"147";"Springer-Team (R. Iseni)";"Herr Moser";"V-1062";"26.06.2020";"3 Jahre";"3 Monate";"820";"698";"11.6";"H02"
"WSG-063";"Panorama Verwaltungen AG";"Verwaltung";"Wohnueberbauung";"Hohlstrasse 8";"8106";"Regensdorf";"ZH";"47.4501124";"8.4688409";"Adresse";"27";"7";"3769";"1800";"Treppenhaus, Lift, Tiefgarage, Aussenanlage/Garten, Zugangswege/Vorplatz, Waschkueche, Entsorgungsplatz";"Treppenhausreinigung, Unterhaltsreinigung, Gartenpflege/Gruenunterhalt, Umgebungsunterhalt (Wege/Vorplatz), Winterdienst, Entsorgung/Kehrichtdienst, Tiefgaragenreinigung, Technischer Hauswart (Kontrollgang/Kleinreparaturen), Fensterreinigung";"2x woechentlich";"368";"Team Sued (P. Rrahmani)";"Frau Kaufmann";"V-1063";"07.02.2022";"2 Jahre";"2 Monate";"3189";"2715";"45.2";"H07"
"WSG-064";"Panorama Verwaltungen AG";"Verwaltung";"Wohnueberbauung";"Watterstrasse 16";"8105";"Regensdorf";"ZH";"47.4302326";"8.4665319";"Adresse";"56";"4";"2688";"920";"Treppenhaus, Lift, Tiefgarage, Aussenanlage/Garten, Zugangswege/Vorplatz, Waschkueche, Entsorgungsplatz";"Treppenhausreinigung, Unterhaltsreinigung, Gartenpflege/Gruenunterhalt, Umgebungsunterhalt (Wege/Vorplatz), Winterdienst, Entsorgung/Kehrichtdienst, Tiefgaragenreinigung, Technischer Hauswart (Kontrollgang/Kleinreparaturen)";"14-taeglich";"338";"Team Nord (M. Kaya)";"Frau Kaufmann";"V-1064";"05.12.2022";"unbefristet";"3 Monate";"1248";"1065";"17.8";"H07"
"WSG-065";"Panorama Verwaltungen AG";"Verwaltung";"Mehrfamilienhaus";"Watterstrasse 20";"8105";"Regensdorf";"ZH";"47.4301903";"8.4657815";"Strasse";"17";"5";"563";"353";"Treppenhaus, Lift, Tiefgarage, Aussenanlage/Garten, Zugangswege/Vorplatz, Waschkueche, Entsorgungsplatz";"Treppenhausreinigung, Unterhaltsreinigung, Gartenpflege/Gruenunterhalt, Umgebungsunterhalt (Wege/Vorplatz), Winterdienst, Entsorgung/Kehrichtdienst, Tiefgaragenreinigung, Technischer Hauswart (Kontrollgang/Kleinreparaturen)";"2x woechentlich";"137";"Team See (T. Frei)";"Frau Kaufmann";"V-1065";"14.04.2025";"2 Jahre";"2 Monate";"1525";"1307";"21.8";"H07"
"WSG-066";"Gewerbepark Nord AG";"Eigentuemerfirma";"Gewerbeliegenschaft";"Watterstrasse 51";"8105";"Regensdorf";"ZH";"47.4316183";"8.4663831";"Strasse";"0";"3";"3722";"118";"Treppenhaus, Aussenanlage/Garten, Zugangswege/Vorplatz, Sanitaeranlagen";"Treppenhausreinigung, Unterhaltsreinigung, Gartenpflege/Gruenunterhalt, Umgebungsunterhalt (Wege/Vorplatz), Winterdienst, Sanitaerreinigung, Technischer Hauswart (Kontrollgang/Kleinreparaturen), Fensterreinigung";"2x woechentlich";"254";"Team See (T. Frei)";"Herr Bachmann";"V-1066";"07.10.2023";"3 Jahre";"3 Monate";"2180";"1864";"31.1";"H07"
"WSG-067";"Gewerbepark Nord AG";"Eigentuemerfirma";"Buerogebaeude";"Stationsstrasse 50a";"8833";"Richterswil";"ZH";"47.1919694";"8.6824805";"Adresse";"0";"4";"3153";"344";"Treppenhaus, Lift, Tiefgarage, Aussenanlage/Garten, Zugangswege/Vorplatz, Sanitaeranlagen";"Treppenhausreinigung, Unterhaltsreinigung, Gartenpflege/Gruenunterhalt, Umgebungsunterhalt (Wege/Vorplatz), Winterdienst, Tiefgaragenreinigung, Sanitaerreinigung, Technischer Hauswart (Kontrollgang/Kleinreparaturen)";"taeglich";"232";"Team Oberland (D. Meier)";"Herr Bachmann";"V-1067";"09.11.2021";"3 Jahre";"2 Monate";"4775";"4089";"68.2";"H10"
"WSG-068";"Gewerbepark Nord AG";"Eigentuemerfirma";"Buerogebaeude";"Stationsstrasse 9";"8833";"Richterswil";"ZH";"47.1922142";"8.6764807";"Strasse";"0";"8";"3886";"49";"Treppenhaus, Lift, Tiefgarage, Aussenanlage/Garten, Zugangswege/Vorplatz, Sanitaeranlagen";"Treppenhausreinigung, Unterhaltsreinigung, Gartenpflege/Gruenunterhalt, Umgebungsunterhalt (Wege/Vorplatz), Winterdienst, Tiefgaragenreinigung, Sanitaerreinigung, Technischer Hauswart (Kontrollgang/Kleinreparaturen), Fensterreinigung";"3x woechentlich";"268";"Team Sued (P. Rrahmani)";"Herr Bachmann";"V-1068";"13.09.2024";"2 Jahre";"1 Monat";"3775";"3234";"53.9";"H10"
"WSG-069";"Senevita Residenz Betriebs AG";"Eigentuemerfirma";"Mehrfamilienhaus";"Bahnhofstrasse 16";"8713";"Stäfa";"ZH";"47.2391081";"8.7268796";"Strasse";"10";"3";"1095";"408";"Treppenhaus, Tiefgarage, Aussenanlage/Garten, Zugangswege/Vorplatz, Waschkueche, Entsorgungsplatz";"Treppenhausreinigung, Unterhaltsreinigung, Gartenpflege/Gruenunterhalt, Umgebungsunterhalt (Wege/Vorplatz), Winterdienst, Entsorgung/Kehrichtdienst, Tiefgaragenreinigung, Technischer Hauswart (Kontrollgang/Kleinreparaturen)";"14-taeglich";"151";"Springer-Team (R. Iseni)";"Frau Schmid";"V-1069";"28.10.2023";"3 Jahre";"1 Monat";"501";"426";"7.1";"H03"
"WSG-070";"Senevita Residenz Betriebs AG";"Eigentuemerfirma";"Alters- und Pflegeheim";"Bahnhofstrasse 28";"8712";"Stäfa";"ZH";"47.2398525";"8.7215891";"Adresse";"73";"6";"2658";"1444";"Treppenhaus, Lift, Tiefgarage, Aussenanlage/Garten, Zugangswege/Vorplatz, Waschkueche, Entsorgungsplatz, Sanitaeranlagen";"Treppenhausreinigung, Unterhaltsreinigung, Gartenpflege/Gruenunterhalt, Umgebungsunterhalt (Wege/Vorplatz), Winterdienst, Entsorgung/Kehrichtdienst, Tiefgaragenreinigung, Sanitaerreinigung, Technischer Hauswart (Kontrollgang/Kleinreparaturen)";"taeglich";"394";"Team Oberland (D. Meier)";"Frau Schmid";"V-1070";"28.12.2021";"1 Jahr";"1 Monat";"10464";"8959";"149.3";"H03"
"WSG-071";"Silvia Brunner";"Privateigentuemer";"Reihenhaus";"Seestrasse 38";"8713";"Stäfa";"ZH";"47.2346409";"8.7576175";"Strasse";"1";"3";"121";"196";"Aussenanlage/Garten, Zugangswege/Vorplatz";"Unterhaltsreinigung, Gartenpflege/Gruenunterhalt, Umgebungsunterhalt (Wege/Vorplatz), Winterdienst, Technischer Hauswart (Kontrollgang/Kleinreparaturen), Fensterreinigung";"nach Bedarf";"62";"Springer-Team (R. Iseni)";"Silvia Brunner";"V-1071";"06.01.2020";"1 Jahr";"1 Monat";"86";"66";"1.1";"H03"
"WSG-072";"Christian Sennhauser";"Privateigentuemer";"Doppeleinfamilienhaus";"Gotthardstrasse 30";"8800";"Thalwil";"ZH";"47.2961337";"8.5635024";"Adresse";"2";"2";"203";"584";"Treppenhaus, Aussenanlage/Garten, Zugangswege/Vorplatz";"Treppenhausreinigung, Unterhaltsreinigung, Gartenpflege/Gruenunterhalt, Umgebungsunterhalt (Wege/Vorplatz), Winterdienst, Technischer Hauswart (Kontrollgang/Kleinreparaturen), Fensterreinigung";"monatlich";"88";"Team Oberland (D. Meier)";"Christian Sennhauser";"V-1072";"28.06.2020";"unbefristet";"3 Monate";"144";"115";"1.9";"H05"
"WSG-073";"Reto Bachmann";"Privateigentuemer";"Einfamilienhaus";"Gotthardstrasse 31";"8800";"Thalwil";"ZH";"47.2956945";"8.5637099";"Strasse";"1";"1";"196";"284";"Aussenanlage/Garten, Zugangswege/Vorplatz";"Unterhaltsreinigung, Gartenpflege/Gruenunterhalt, Umgebungsunterhalt (Wege/Vorplatz), Winterdienst, Technischer Hauswart (Kontrollgang/Kleinreparaturen)";"woechentlich";"60";"Team See (T. Frei)";"Reto Bachmann";"V-1073";"25.12.2023";"2 Jahre";"2 Monate";"303";"254";"4.2";"H04"
"WSG-074";"Patrick Kaufmann";"Privateigentuemer";"Einfamilienhaus";"Seestrasse 54";"8800";"Thalwil";"ZH";"47.2874328";"8.5752516";"Adresse";"1";"2";"199";"894";"Aussenanlage/Garten, Zugangswege/Vorplatz";"Unterhaltsreinigung, Gartenpflege/Gruenunterhalt, Umgebungsunterhalt (Wege/Vorplatz), Winterdienst, Technischer Hauswart (Kontrollgang/Kleinreparaturen)";"nach Bedarf";"79";"Team Sued (P. Rrahmani)";"Patrick Kaufmann";"V-1074";"17.05.2021";"2 Jahre";"1 Monat";"117";"85";"1.4";"H04"
"WSG-075";"Franziska Widmer";"Privateigentuemer";"Doppeleinfamilienhaus";"Zürcherstrasse 12";"8800";"Thalwil";"ZH";"47.2864702";"8.5633753";"Strasse";"2";"2";"211";"581";"Treppenhaus, Aussenanlage/Garten, Zugangswege/Vorplatz";"Treppenhausreinigung, Unterhaltsreinigung, Gartenpflege/Gruenunterhalt, Umgebungsunterhalt (Wege/Vorplatz), Winterdienst, Technischer Hauswart (Kontrollgang/Kleinreparaturen)";"14-taeglich";"80";"Team Oberland (D. Meier)";"Franziska Widmer";"V-1075";"24.05.2024";"unbefristet";"1 Monat";"231";"190";"3.2";"H04"
"WSG-076";"Ursula Baumann";"Privateigentuemer";"Doppeleinfamilienhaus";"Bahnhofstrasse 38";"8902";"Urdorf";"ZH";"47.3870084";"8.4283574";"Adresse";"2";"2";"167";"257";"Treppenhaus, Aussenanlage/Garten, Zugangswege/Vorplatz";"Treppenhausreinigung, Unterhaltsreinigung, Gartenpflege/Gruenunterhalt, Umgebungsunterhalt (Wege/Vorplatz), Winterdienst, Technischer Hauswart (Kontrollgang/Kleinreparaturen)";"14-taeglich";"68";"Team Nord (M. Kaya)";"Ursula Baumann";"V-1076";"14.12.2023";"unbefristet";"3 Monate";"225";"186";"3.1";"H06"
"WSG-077";"Bruno Frei";"Privateigentuemer";"Einfamilienhaus";"Berchtoldstrasse 1";"8610";"Uster";"ZH";"47.3519718";"8.7146298";"Adresse";"1";"2";"163";"591";"Aussenanlage/Garten, Zugangswege/Vorplatz";"Unterhaltsreinigung, Gartenpflege/Gruenunterhalt, Umgebungsunterhalt (Wege/Vorplatz), Winterdienst, Technischer Hauswart (Kontrollgang/Kleinreparaturen), Fensterreinigung";"14-taeglich";"76";"Team Limmattal (A. Costa)";"Bruno Frei";"V-1077";"10.01.2019";"2 Jahre";"3 Monate";"195";"159";"2.6";"H02"
"WSG-078";"Petra Schmid";"Privateigentuemer";"Einfamilienhaus";"Berchtoldstrasse 13";"8610";"Uster";"ZH";"47.3503642";"8.7131468";"Adresse";"1";"1";"177";"721";"Aussenanlage/Garten, Zugangswege/Vorplatz";"Unterhaltsreinigung, Gartenpflege/Gruenunterhalt, Umgebungsunterhalt (Wege/Vorplatz), Winterdienst, Technischer Hauswart (Kontrollgang/Kleinreparaturen)";"14-taeglich";"72";"Team Nord (M. Kaya)";"Petra Schmid";"V-1078";"19.07.2020";"unbefristet";"1 Monat";"198";"159";"2.6";"H02"
"WSG-079";"Andrea Meier";"Privateigentuemer";"Reihenhaus";"Neuwiesenstrasse 35";"8616";"Uster";"ZH";"47.3494891";"8.7222876";"Strasse";"1";"2";"171";"188";"Aussenanlage/Garten, Zugangswege/Vorplatz";"Unterhaltsreinigung, Gartenpflege/Gruenunterhalt, Umgebungsunterhalt (Wege/Vorplatz), Winterdienst, Technischer Hauswart (Kontrollgang/Kleinreparaturen)";"monatlich";"56";"Springer-Team (R. Iseni)";"Andrea Meier";"V-1079";"29.10.2024";"2 Jahre";"1 Monat";"107";"84";"1.4";"H02"
"WSG-080";"Ursula Hofmann";"Privateigentuemer";"Einfamilienhaus";"Neuwiesenstrasse 45";"8616";"Uster";"ZH";"47.348791";"8.7238459";"Strasse";"1";"1";"136";"674";"Aussenanlage/Garten, Zugangswege/Vorplatz";"Unterhaltsreinigung, Gartenpflege/Gruenunterhalt, Umgebungsunterhalt (Wege/Vorplatz), Winterdienst, Technischer Hauswart (Kontrollgang/Kleinreparaturen)";"14-taeglich";"69";"Team Limmattal (A. Costa)";"Ursula Hofmann";"V-1080";"14.10.2023";"unbefristet";"1 Monat";"194";"156";"2.6";"H02"
"WSG-081";"Barbara Moser";"Privateigentuemer";"Einfamilienhaus";"Neuwiesenstrasse 58";"8616";"Uster";"ZH";"47.3502124";"8.7206644";"Strasse";"1";"1";"214";"410";"Aussenanlage/Garten, Zugangswege/Vorplatz";"Unterhaltsreinigung, Gartenpflege/Gruenunterhalt, Umgebungsunterhalt (Wege/Vorplatz), Winterdienst, Technischer Hauswart (Kontrollgang/Kleinreparaturen)";"nach Bedarf";"65";"Team Sued (P. Rrahmani)";"Barbara Moser";"V-1081";"22.05.2025";"1 Jahr";"3 Monate";"78";"59";"1";"H02"
"WSG-082";"Christian Marti";"Privateigentuemer";"Einfamilienhaus";"Seestrasse 21";"8610";"Uster";"ZH";"47.346647";"8.7131673";"Adresse";"1";"1";"184";"747";"Aussenanlage/Garten, Zugangswege/Vorplatz";"Unterhaltsreinigung, Gartenpflege/Gruenunterhalt, Umgebungsunterhalt (Wege/Vorplatz), Winterdienst, Technischer Hauswart (Kontrollgang/Kleinreparaturen), Fensterreinigung";"nach Bedarf";"82";"Team See (T. Frei)";"Christian Marti";"V-1082";"04.08.2024";"unbefristet";"1 Monat";"111";"83";"1.4";"H02"
"WSG-083";"Barbara Egli";"Privateigentuemer";"Einfamilienhaus";"Neuwiesenstrasse 32";"8604";"Volketswil";"ZH";"47.388326";"8.6863084";"Adresse";"1";"1";"155";"392";"Aussenanlage/Garten, Zugangswege/Vorplatz";"Unterhaltsreinigung, Gartenpflege/Gruenunterhalt, Umgebungsunterhalt (Wege/Vorplatz), Winterdienst, Technischer Hauswart (Kontrollgang/Kleinreparaturen), Fensterreinigung";"monatlich";"70";"Team Nord (M. Kaya)";"Barbara Egli";"V-1083";"22.10.2021";"unbefristet";"3 Monate";"116";"92";"1.5";"H02"
"WSG-084";"Markus Mueller";"Privateigentuemer";"Doppeleinfamilienhaus";"Florhofstrasse 31";"8820";"Wädenswil";"ZH";"47.2305303";"8.6713373";"Strasse";"2";"2";"192";"512";"Treppenhaus, Aussenanlage/Garten, Zugangswege/Vorplatz";"Treppenhausreinigung, Unterhaltsreinigung, Gartenpflege/Gruenunterhalt, Umgebungsunterhalt (Wege/Vorplatz), Winterdienst, Technischer Hauswart (Kontrollgang/Kleinreparaturen)";"woechentlich";"77";"Team See (T. Frei)";"Markus Mueller";"V-1084";"19.12.2024";"unbefristet";"2 Monate";"399";"336";"5.6";"H04"
"WSG-085";"Daniel Frei";"Privateigentuemer";"Doppeleinfamilienhaus";"Gerbestrasse 6";"8820";"Wädenswil";"ZH";"47.2295747";"8.6730665";"Adresse";"2";"2";"256";"543";"Treppenhaus, Aussenanlage/Garten, Zugangswege/Vorplatz";"Treppenhausreinigung, Unterhaltsreinigung, Gartenpflege/Gruenunterhalt, Umgebungsunterhalt (Wege/Vorplatz), Winterdienst, Technischer Hauswart (Kontrollgang/Kleinreparaturen)";"woechentlich";"81";"Team Limmattal (A. Costa)";"Daniel Frei";"V-1085";"03.08.2024";"unbefristet";"1 Monat";"403";"339";"5.6";"H04"
"WSG-086";"Daniel Fischer";"Privateigentuemer";"Reihenhaus";"Seestrasse 23";"8820";"Wädenswil";"ZH";"47.2226619";"8.6850499";"Adresse";"1";"3";"130";"248";"Aussenanlage/Garten, Zugangswege/Vorplatz";"Unterhaltsreinigung, Gartenpflege/Gruenunterhalt, Umgebungsunterhalt (Wege/Vorplatz), Winterdienst, Technischer Hauswart (Kontrollgang/Kleinreparaturen)";"14-taeglich";"56";"Team Limmattal (A. Costa)";"Daniel Fischer";"V-1086";"12.03.2020";"3 Jahre";"3 Monate";"178";"145";"2.4";"H04"
"WSG-087";"Sandra Graf";"Privateigentuemer";"Einfamilienhaus";"Seestrasse 25";"8820";"Wädenswil";"ZH";"47.2217648";"8.6843959";"Adresse";"1";"1";"157";"663";"Aussenanlage/Garten, Zugangswege/Vorplatz";"Unterhaltsreinigung, Gartenpflege/Gruenunterhalt, Umgebungsunterhalt (Wege/Vorplatz), Winterdienst, Technischer Hauswart (Kontrollgang/Kleinreparaturen)";"14-taeglich";"70";"Team Limmattal (A. Costa)";"Sandra Graf";"V-1087";"29.05.2025";"3 Jahre";"1 Monat";"194";"156";"2.6";"H04"
"WSG-088";"Silvia Kaufmann";"Privateigentuemer";"Einfamilienhaus";"Zugerstrasse 60";"8820";"Wädenswil";"ZH";"47.2313743";"8.6639321";"Adresse";"1";"1";"216";"895";"Aussenanlage/Garten, Zugangswege/Vorplatz";"Unterhaltsreinigung, Gartenpflege/Gruenunterhalt, Umgebungsunterhalt (Wege/Vorplatz), Winterdienst, Technischer Hauswart (Kontrollgang/Kleinreparaturen)";"monatlich";"80";"Springer-Team (R. Iseni)";"Silvia Kaufmann";"V-1088";"11.10.2019";"3 Jahre";"3 Monate";"145";"110";"1.8";"H04"
"WSG-089";"Christian Steiner";"Privateigentuemer";"Einfamilienhaus";"Birmensdorferstrasse 30";"8142";"Waldegg";"ZH";"47.3666396";"8.4614123";"Adresse";"1";"1";"218";"284";"Aussenanlage/Garten, Zugangswege/Vorplatz";"Unterhaltsreinigung, Gartenpflege/Gruenunterhalt, Umgebungsunterhalt (Wege/Vorplatz), Winterdienst, Technischer Hauswart (Kontrollgang/Kleinreparaturen)";"monatlich";"61";"Team Nord (M. Kaya)";"Christian Steiner";"V-1089";"07.12.2020";"1 Jahr";"1 Monat";"107";"84";"1.4";"H06"
"WSG-090";"Bruno Moser";"Privateigentuemer";"Einfamilienhaus";"Birmensdorferstrasse 36";"8142";"Waldegg";"ZH";"47.3660546";"8.4611774";"Adresse";"1";"2";"158";"753";"Aussenanlage/Garten, Zugangswege/Vorplatz";"Unterhaltsreinigung, Gartenpflege/Gruenunterhalt, Umgebungsunterhalt (Wege/Vorplatz), Winterdienst, Technischer Hauswart (Kontrollgang/Kleinreparaturen)";"14-taeglich";"72";"Team Nord (M. Kaya)";"Bruno Moser";"V-1090";"03.11.2021";"unbefristet";"1 Monat";"201";"161";"2.7";"H06"
"WSG-091";"Markus Schmid";"Privateigentuemer";"Reihenhaus";"Birmensdorferstrasse 40";"8142";"Waldegg";"ZH";"47.3655512";"8.4608158";"Adresse";"1";"3";"177";"199";"Aussenanlage/Garten, Zugangswege/Vorplatz";"Unterhaltsreinigung, Gartenpflege/Gruenunterhalt, Umgebungsunterhalt (Wege/Vorplatz), Winterdienst, Technischer Hauswart (Kontrollgang/Kleinreparaturen)";"woechentlich";"57";"Team Nord (M. Kaya)";"Markus Schmid";"V-1091";"02.12.2024";"unbefristet";"1 Monat";"303";"254";"4.2";"H06"
"WSG-092";"Thomas Steiner";"Privateigentuemer";"Reihenhaus";"Alte Winterthurerstrasse 2";"8304";"Wallisellen";"ZH";"47.4183004";"8.5941479";"Strasse";"1";"3";"116";"245";"Aussenanlage/Garten, Zugangswege/Vorplatz";"Unterhaltsreinigung, Gartenpflege/Gruenunterhalt, Umgebungsunterhalt (Wege/Vorplatz), Winterdienst, Technischer Hauswart (Kontrollgang/Kleinreparaturen)";"monatlich";"55";"Team Limmattal (A. Costa)";"Thomas Steiner";"V-1092";"18.08.2024";"2 Jahre";"2 Monate";"107";"84";"1.4";"H01"
"WSG-093";"Barbara Brunner";"Privateigentuemer";"Einfamilienhaus";"Alte Winterthurerstrasse 57";"8304";"Wallisellen";"ZH";"47.4174408";"8.5925536";"Adresse";"1";"2";"156";"837";"Aussenanlage/Garten, Zugangswege/Vorplatz";"Unterhaltsreinigung, Gartenpflege/Gruenunterhalt, Umgebungsunterhalt (Wege/Vorplatz), Winterdienst, Technischer Hauswart (Kontrollgang/Kleinreparaturen)";"woechentlich";"75";"Team Nord (M. Kaya)";"Barbara Brunner";"V-1093";"02.10.2023";"unbefristet";"2 Monate";"334";"275";"4.6";"H01"
"WSG-094";"Patrick Egli";"Privateigentuemer";"Doppeleinfamilienhaus";"Bahnhofstrasse 33";"8304";"Wallisellen";"ZH";"47.4143126";"8.5905983";"Strasse";"2";"2";"225";"526";"Treppenhaus, Aussenanlage/Garten, Zugangswege/Vorplatz";"Treppenhausreinigung, Unterhaltsreinigung, Gartenpflege/Gruenunterhalt, Umgebungsunterhalt (Wege/Vorplatz), Winterdienst, Technischer Hauswart (Kontrollgang/Kleinreparaturen)";"14-taeglich";"79";"Springer-Team (R. Iseni)";"Patrick Egli";"V-1094";"27.04.2021";"unbefristet";"3 Monate";"227";"187";"3.1";"H01"
"WSG-095";"Patrick Egli";"Privateigentuemer";"Einfamilienhaus";"Industriestrasse 11";"8304";"Wallisellen";"ZH";"47.4126986";"8.5827504";"Adresse";"1";"2";"217";"458";"Aussenanlage/Garten, Zugangswege/Vorplatz";"Unterhaltsreinigung, Gartenpflege/Gruenunterhalt, Umgebungsunterhalt (Wege/Vorplatz), Winterdienst, Technischer Hauswart (Kontrollgang/Kleinreparaturen), Fensterreinigung";"14-taeglich";"75";"Team Sued (P. Rrahmani)";"Patrick Egli";"V-1095";"17.11.2024";"1 Jahr";"2 Monate";"186";"153";"2.6";"H01"
"WSG-096";"Daniel Kaufmann";"Privateigentuemer";"Doppeleinfamilienhaus";"Neugutstrasse 24";"8304";"Wallisellen";"ZH";"47.4121662";"8.5958542";"Strasse";"2";"2";"172";"255";"Treppenhaus, Aussenanlage/Garten, Zugangswege/Vorplatz";"Treppenhausreinigung, Unterhaltsreinigung, Gartenpflege/Gruenunterhalt, Umgebungsunterhalt (Wege/Vorplatz), Winterdienst, Technischer Hauswart (Kontrollgang/Kleinreparaturen)";"nach Bedarf";"68";"Team Nord (M. Kaya)";"Daniel Kaufmann";"V-1096";"31.07.2022";"2 Jahre";"3 Monate";"89";"68";"1.1";"H01"
"WSG-097";"Ursula Wyss";"Privateigentuemer";"Einfamilienhaus";"Ueberlandstrasse 28";"8301";"Wallisellen";"ZH";"47.4039276";"8.6063834";"Strasse";"1";"1";"206";"845";"Aussenanlage/Garten, Zugangswege/Vorplatz";"Unterhaltsreinigung, Gartenpflege/Gruenunterhalt, Umgebungsunterhalt (Wege/Vorplatz), Winterdienst, Technischer Hauswart (Kontrollgang/Kleinreparaturen), Fensterreinigung";"monatlich";"86";"Team Sued (P. Rrahmani)";"Ursula Wyss";"V-1097";"13.12.2019";"2 Jahre";"3 Monate";"148";"114";"1.9";"H01"
"WSG-098";"Patrick Baumann";"Privateigentuemer";"Einfamilienhaus";"Florastrasse 35";"8620";"Wetzikon (ZH)";"ZH";"47.3275287";"8.7893476";"Adresse";"1";"1";"188";"272";"Aussenanlage/Garten, Zugangswege/Vorplatz";"Unterhaltsreinigung, Gartenpflege/Gruenunterhalt, Umgebungsunterhalt (Wege/Vorplatz), Winterdienst, Technischer Hauswart (Kontrollgang/Kleinreparaturen)";"14-taeglich";"60";"Team Nord (M. Kaya)";"Patrick Baumann";"V-1098";"25.10.2019";"1 Jahr";"1 Monat";"178";"145";"2.4";"H03"
"WSG-099";"Monika Marti";"Privateigentuemer";"Einfamilienhaus";"Florastrasse 39";"8620";"Wetzikon (ZH)";"ZH";"47.3276453";"8.7898267";"Adresse";"1";"1";"141";"654";"Aussenanlage/Garten, Zugangswege/Vorplatz";"Unterhaltsreinigung, Gartenpflege/Gruenunterhalt, Umgebungsunterhalt (Wege/Vorplatz), Winterdienst, Technischer Hauswart (Kontrollgang/Kleinreparaturen)";"14-taeglich";"69";"Springer-Team (R. Iseni)";"Monika Marti";"V-1099";"03.05.2024";"unbefristet";"1 Monat";"191";"154";"2.6";"H02"
"WSG-100";"Patrick Brunner";"Privateigentuemer";"Einfamilienhaus";"Florastrasse 4";"8620";"Wetzikon (ZH)";"ZH";"47.3273459";"8.7906398";"Strasse";"1";"1";"158";"622";"Aussenanlage/Garten, Zugangswege/Vorplatz";"Unterhaltsreinigung, Gartenpflege/Gruenunterhalt, Umgebungsunterhalt (Wege/Vorplatz), Winterdienst, Technischer Hauswart (Kontrollgang/Kleinreparaturen)";"14-taeglich";"69";"Team See (T. Frei)";"Patrick Brunner";"V-1100";"24.06.2019";"unbefristet";"2 Monate";"189";"153";"2.6";"H02"
"WSG-101";"Patrick Brunner";"Privateigentuemer";"Einfamilienhaus";"Florastrasse 47";"8620";"Wetzikon (ZH)";"ZH";"47.3278415";"8.7894049";"Adresse";"1";"1";"213";"629";"Aussenanlage/Garten, Zugangswege/Vorplatz";"Unterhaltsreinigung, Gartenpflege/Gruenunterhalt, Umgebungsunterhalt (Wege/Vorplatz), Winterdienst, Technischer Hauswart (Kontrollgang/Kleinreparaturen)";"woechentlich";"72";"Team Sued (P. Rrahmani)";"Patrick Brunner";"V-1101";"03.01.2025";"1 Jahr";"2 Monate";"315";"262";"4.4";"H03"
"WSG-102";"Claudia Graf";"Privateigentuemer";"Einfamilienhaus";"Usterstrasse 47";"8620";"Wetzikon (ZH)";"ZH";"47.3283428";"8.7909294";"Strasse";"1";"2";"181";"653";"Aussenanlage/Garten, Zugangswege/Vorplatz";"Unterhaltsreinigung, Gartenpflege/Gruenunterhalt, Umgebungsunterhalt (Wege/Vorplatz), Winterdienst, Technischer Hauswart (Kontrollgang/Kleinreparaturen), Fensterreinigung";"14-taeglich";"79";"Team See (T. Frei)";"Claudia Graf";"V-1102";"04.04.2025";"3 Jahre";"2 Monate";"200";"162";"2.7";"H02"
"WSG-103";"Petra Wyss";"Privateigentuemer";"Einfamilienhaus";"Frauenfelderstrasse 1";"8404";"Winterthur";"ZH";"47.511888";"8.761531";"Adresse";"1";"1";"181";"405";"Aussenanlage/Garten, Zugangswege/Vorplatz";"Unterhaltsreinigung, Gartenpflege/Gruenunterhalt, Umgebungsunterhalt (Wege/Vorplatz), Winterdienst, Technischer Hauswart (Kontrollgang/Kleinreparaturen)";"monatlich";"63";"Team See (T. Frei)";"Petra Wyss";"V-1103";"03.03.2023";"3 Jahre";"2 Monate";"107";"84";"1.4";"H08"
"WSG-104";"Thomas Brunner";"Privateigentuemer";"Reihenhaus";"Marktgasse 13";"8400";"Winterthur";"ZH";"47.4996861";"8.7299153";"Adresse";"1";"2";"162";"122";"Aussenanlage/Garten, Zugangswege/Vorplatz";"Unterhaltsreinigung, Gartenpflege/Gruenunterhalt, Umgebungsunterhalt (Wege/Vorplatz), Winterdienst, Technischer Hauswart (Kontrollgang/Kleinreparaturen)";"14-taeglich";"54";"Team Limmattal (A. Costa)";"Thomas Brunner";"V-1104";"17.09.2022";"unbefristet";"3 Monate";"178";"145";"2.4";"H08"
"WSG-105";"Ursula Bachmann";"Privateigentuemer";"Einfamilienhaus";"Marktgasse 48";"8400";"Winterthur";"ZH";"47.4997702";"8.7285718";"Adresse";"1";"1";"205";"634";"Aussenanlage/Garten, Zugangswege/Vorplatz";"Unterhaltsreinigung, Gartenpflege/Gruenunterhalt, Umgebungsunterhalt (Wege/Vorplatz), Winterdienst, Technischer Hauswart (Kontrollgang/Kleinreparaturen)";"14-taeglich";"71";"Team Oberland (D. Meier)";"Ursula Bachmann";"V-1105";"03.07.2020";"3 Jahre";"1 Monat";"189";"153";"2.6";"H08"
"WSG-106";"Claudia Zimmermann";"Privateigentuemer";"Doppeleinfamilienhaus";"Römerstrasse 45";"8400";"Winterthur";"ZH";"47.5012119";"8.7420402";"Adresse";"2";"2";"237";"379";"Treppenhaus, Aussenanlage/Garten, Zugangswege/Vorplatz";"Treppenhausreinigung, Unterhaltsreinigung, Gartenpflege/Gruenunterhalt, Umgebungsunterhalt (Wege/Vorplatz), Winterdienst, Technischer Hauswart (Kontrollgang/Kleinreparaturen), Fensterreinigung";"14-taeglich";"83";"Team Oberland (D. Meier)";"Claudia Zimmermann";"V-1106";"05.02.2024";"2 Jahre";"3 Monate";"234";"194";"3.2";"H08"
"WSG-107";"Daniel Marti";"Privateigentuemer";"Reihenhaus";"Stadthausstrasse 11";"8400";"Winterthur";"ZH";"47.5003993";"8.7329859";"Adresse";"1";"2";"137";"168";"Aussenanlage/Garten, Zugangswege/Vorplatz";"Unterhaltsreinigung, Gartenpflege/Gruenunterhalt, Umgebungsunterhalt (Wege/Vorplatz), Winterdienst, Technischer Hauswart (Kontrollgang/Kleinreparaturen), Fensterreinigung";"woechentlich";"62";"Team Nord (M. Kaya)";"Daniel Marti";"V-1107";"29.03.2023";"2 Jahre";"2 Monate";"312";"262";"4.4";"H08"
"WSG-108";"Franziska Schmid";"Privateigentuemer";"Einfamilienhaus";"Technikumstrasse 39";"8403";"Winterthur";"ZH";"47.4978597";"8.7322906";"Strasse";"1";"2";"203";"512";"Aussenanlage/Garten, Zugangswege/Vorplatz";"Unterhaltsreinigung, Gartenpflege/Gruenunterhalt, Umgebungsunterhalt (Wege/Vorplatz), Winterdienst, Technischer Hauswart (Kontrollgang/Kleinreparaturen)";"monatlich";"68";"Team See (T. Frei)";"Franziska Schmid";"V-1108";"31.03.2025";"2 Jahre";"3 Monate";"107";"84";"1.4";"H08"
"WSG-109";"Reto Kaufmann";"Privateigentuemer";"Doppeleinfamilienhaus";"Wülflingerstrasse 50";"8400";"Winterthur";"ZH";"47.5065687";"8.7146323";"Adresse";"2";"2";"191";"242";"Treppenhaus, Aussenanlage/Garten, Zugangswege/Vorplatz";"Treppenhausreinigung, Unterhaltsreinigung, Gartenpflege/Gruenunterhalt, Umgebungsunterhalt (Wege/Vorplatz), Winterdienst, Technischer Hauswart (Kontrollgang/Kleinreparaturen), Fensterreinigung";"monatlich";"77";"Springer-Team (R. Iseni)";"Reto Kaufmann";"V-1109";"12.01.2020";"2 Jahre";"2 Monate";"138";"111";"1.8";"H08"
"WSG-110";"Ursula Sennhauser";"Privateigentuemer";"Einfamilienhaus";"Wülflingerstrasse 9";"8400";"Winterthur";"ZH";"47.5035089";"8.721631";"Adresse";"1";"2";"147";"896";"Aussenanlage/Garten, Zugangswege/Vorplatz";"Unterhaltsreinigung, Gartenpflege/Gruenunterhalt, Umgebungsunterhalt (Wege/Vorplatz), Winterdienst, Technischer Hauswart (Kontrollgang/Kleinreparaturen), Fensterreinigung";"14-taeglich";"84";"Team Sued (P. Rrahmani)";"Ursula Sennhauser";"V-1110";"25.06.2024";"unbefristet";"2 Monate";"224";"179";"3";"H08"
"WSG-111";"Claudia Huber";"Privateigentuemer";"Einfamilienhaus";"Zürcherstrasse 6";"8400";"Winterthur";"ZH";"47.4987856";"8.7233563";"Strasse";"1";"1";"157";"303";"Aussenanlage/Garten, Zugangswege/Vorplatz";"Unterhaltsreinigung, Gartenpflege/Gruenunterhalt, Umgebungsunterhalt (Wege/Vorplatz), Winterdienst, Technischer Hauswart (Kontrollgang/Kleinreparaturen)";"nach Bedarf";"59";"Springer-Team (R. Iseni)";"Claudia Huber";"V-1111";"22.02.2022";"unbefristet";"1 Monat";"78";"59";"1";"H08"
"WSG-112";"Ursula Graf";"Privateigentuemer";"Einfamilienhaus";"Hohlstrasse 23";"8004";"Zürich";"ZH";"47.3806887";"8.5188423";"Strasse";"1";"2";"213";"668";"Aussenanlage/Garten, Zugangswege/Vorplatz";"Unterhaltsreinigung, Gartenpflege/Gruenunterhalt, Umgebungsunterhalt (Wege/Vorplatz), Winterdienst, Technischer Hauswart (Kontrollgang/Kleinreparaturen)";"14-taeglich";"73";"Team Limmattal (A. Costa)";"Ursula Graf";"V-1112";"29.05.2019";"unbefristet";"1 Monat";"194";"156";"2.6";"H06"
"WSG-113";"Nicole Bachmann";"Privateigentuemer";"Einfamilienhaus";"Josefstrasse 50";"8005";"Zürich";"ZH";"47.3819253";"8.5326148";"Adresse";"1";"2";"132";"720";"Aussenanlage/Garten, Zugangswege/Vorplatz";"Unterhaltsreinigung, Gartenpflege/Gruenunterhalt, Umgebungsunterhalt (Wege/Vorplatz), Winterdienst, Technischer Hauswart (Kontrollgang/Kleinreparaturen)";"monatlich";"70";"Team Oberland (D. Meier)";"Nicole Bachmann";"V-1113";"29.10.2023";"unbefristet";"3 Monate";"128";"98";"1.6";"H06"
"WSG-114";"Stefan Frei";"Privateigentuemer";"Doppeleinfamilienhaus";"Langstrasse 15";"8004";"Zürich";"ZH";"47.3811009";"8.5286622";"Strasse";"2";"2";"186";"528";"Treppenhaus, Aussenanlage/Garten, Zugangswege/Vorplatz";"Treppenhausreinigung, Unterhaltsreinigung, Gartenpflege/Gruenunterhalt, Umgebungsunterhalt (Wege/Vorplatz), Winterdienst, Technischer Hauswart (Kontrollgang/Kleinreparaturen)";"woechentlich";"77";"Team See (T. Frei)";"Stefan Frei";"V-1114";"04.10.2020";"unbefristet";"2 Monate";"400";"337";"5.6";"H06"
"WSG-115";"Franziska Moser";"Privateigentuemer";"Einfamilienhaus";"Militärstrasse 32";"8004";"Zürich";"ZH";"47.3771855";"8.5319928";"Strasse";"1";"1";"141";"808";"Aussenanlage/Garten, Zugangswege/Vorplatz";"Unterhaltsreinigung, Gartenpflege/Gruenunterhalt, Umgebungsunterhalt (Wege/Vorplatz), Winterdienst, Technischer Hauswart (Kontrollgang/Kleinreparaturen), Fensterreinigung";"14-taeglich";"81";"Team Limmattal (A. Costa)";"Franziska Moser";"V-1115";"04.01.2023";"unbefristet";"2 Monate";"214";"172";"2.9";"H06"
"WSG-116";"Andrea Sennhauser";"Privateigentuemer";"Einfamilienhaus";"Militärstrasse 35";"8004";"Zürich";"ZH";"47.3786056";"8.5297915";"Strasse";"1";"2";"177";"261";"Aussenanlage/Garten, Zugangswege/Vorplatz";"Unterhaltsreinigung, Gartenpflege/Gruenunterhalt, Umgebungsunterhalt (Wege/Vorplatz), Winterdienst, Technischer Hauswart (Kontrollgang/Kleinreparaturen), Fensterreinigung";"woechentlich";"67";"Team Nord (M. Kaya)";"Andrea Sennhauser";"V-1116";"21.12.2024";"3 Jahre";"3 Monate";"312";"262";"4.4";"H06"
"WSG-117";"Franziska Steiner";"Privateigentuemer";"Doppeleinfamilienhaus";"Seefeldstrasse 17";"8008";"Zürich";"ZH";"47.364214";"8.5490548";"Adresse";"2";"2";"256";"364";"Treppenhaus, Aussenanlage/Garten, Zugangswege/Vorplatz";"Treppenhausreinigung, Unterhaltsreinigung, Gartenpflege/Gruenunterhalt, Umgebungsunterhalt (Wege/Vorplatz), Winterdienst, Technischer Hauswart (Kontrollgang/Kleinreparaturen)";"nach Bedarf";"76";"Team Oberland (D. Meier)";"Franziska Steiner";"V-1117";"15.02.2024";"unbefristet";"2 Monate";"89";"68";"1.1";"H05"
"WSG-118";"Andrea Moser";"Privateigentuemer";"Einfamilienhaus";"Stauffacherstrasse 42";"8004";"Zürich";"ZH";"47.3770057";"8.5240251";"Strasse";"1";"1";"170";"478";"Aussenanlage/Garten, Zugangswege/Vorplatz";"Unterhaltsreinigung, Gartenpflege/Gruenunterhalt, Umgebungsunterhalt (Wege/Vorplatz), Winterdienst, Technischer Hauswart (Kontrollgang/Kleinreparaturen), Fensterreinigung";"monatlich";"73";"Team See (T. Frei)";"Andrea Moser";"V-1118";"14.08.2020";"unbefristet";"2 Monate";"116";"92";"1.5";"H06"
"WSG-119";"Christian Fischer";"Privateigentuemer";"Einfamilienhaus";"Stauffacherstrasse 47";"8004";"Zürich";"ZH";"47.3760911";"8.5263698";"Strasse";"1";"1";"120";"857";"Aussenanlage/Garten, Zugangswege/Vorplatz";"Unterhaltsreinigung, Gartenpflege/Gruenunterhalt, Umgebungsunterhalt (Wege/Vorplatz), Winterdienst, Technischer Hauswart (Kontrollgang/Kleinreparaturen)";"monatlich";"74";"Team Nord (M. Kaya)";"Christian Fischer";"V-1119";"09.05.2025";"2 Jahre";"3 Monate";"139";"106";"1.8";"H06"
"WSG-120";"Andrea Gerber";"Privateigentuemer";"Einfamilienhaus";"Wehntalerstrasse 49";"8046";"Zürich";"ZH";"47.4304098";"8.4859411";"Strasse";"1";"2";"148";"877";"Aussenanlage/Garten, Zugangswege/Vorplatz";"Unterhaltsreinigung, Gartenpflege/Gruenunterhalt, Umgebungsunterhalt (Wege/Vorplatz), Winterdienst, Technischer Hauswart (Kontrollgang/Kleinreparaturen), Fensterreinigung";"nach Bedarf";"84";"Team Oberland (D. Meier)";"Andrea Gerber";"V-1120";"16.06.2023";"unbefristet";"3 Monate";"122";"91";"1.5";"H07"
